sample_method,sample_size,sample_no,percent_male,protected_frequency,log_geom_diversity,4_entropy
uniform,40,0,10,0.775,-31.779295476224114,1.2099338754903874
uniform,40,1,10,0.95,-35.13706872851353,0.8517321440572501
uniform,40,2,10,0.9,-33.964843018060705,0.9672604429127742
uniform,40,3,10,0.925,-34.84716868921767,0.8990737637631184
uniform,40,4,10,0.9,-31.39708777513218,1.0182301539513934
uniform,40,5,10,0.85,-32.2024059611202,1.07946837261189
uniform,40,6,10,0.875,-31.167425254593137,1.0641821694358589
uniform,40,7,10,0.8,-33.220020132205505,1.153241118422672
uniform,40,8,10,0.9,-36.37266431256067,0.9699658171295675
uniform,40,9,10,0.875,-32.7187110223103,1.0670432111586647
uniform,40,10,10,0.95,-31.94039458450332,0.8797706158709501
uniform,40,11,10,0.9,-34.761241166573086,0.9699658171295675
uniform,40,12,10,0.875,-34.34384875548023,1.0381442829137577
uniform,40,13,10,0.85,-32.782588311077134,1.115856268365936
uniform,40,14,10,0.9,-34.13222853128559,0.9995819067909201
uniform,40,15,10,0.85,-33.71210812126571,1.078542266530246
uniform,40,16,10,0.975,-33.42740132082086,0.76652833049184
uniform,40,17,10,0.925,-32.63460357413323,0.9468123263852294
uniform,40,18,10,0.825,-32.76863301843208,1.151667979885236
uniform,40,19,10,0.9,-32.7531154375172,0.9352649419016505
uniform,40,20,10,0.925,-32.11954531087557,0.9045017244629406
uniform,40,21,10,0.875,-31.556192325133583,1.0282056728318096
uniform,40,22,10,0.875,-33.041741753648985,1.0497818282656932
uniform,40,23,10,0.9,-31.715719811794564,1.0051489503572797
uniform,40,24,10,0.875,-32.18202391955064,1.0497818282656932
uniform,40,25,10,0.9,-33.022352111144976,1.005671630839816
uniform,40,26,10,0.925,-32.73958243664791,0.8492141469848024
uniform,40,27,10,0.9,-32.59628023507336,0.9958213213455276
uniform,40,28,10,0.975,-33.95500424367022,0.7846904335429707
uniform,40,29,10,0.775,-35.82545485580291,1.2212845423584522
uniform,40,30,10,0.875,-35.27182533581469,1.0282056728318096
uniform,40,31,10,0.925,-33.00744527887877,0.9468123263852295
uniform,40,32,10,0.925,-33.147045686111944,0.9522402870850517
uniform,40,33,10,0.85,-32.877734599227374,1.094056456831614
uniform,40,34,10,0.925,-34.24020316659669,0.8990737637631184
uniform,40,35,10,0.875,-35.12227235372797,1.0454670557247812
uniform,40,36,10,0.925,-33.600279096572585,0.9468123263852294
uniform,40,37,10,0.9,-33.96345809990262,0.9958213213455275
uniform,40,38,10,0.925,-33.91997511606669,0.9072077263064946
uniform,40,39,10,0.925,-33.81813278683799,0.9386299203255365
uniform,40,40,10,0.95,-30.96566186452926,0.8517321440572501
uniform,40,41,10,0.875,-32.78027299458602,1.0584412112455066
uniform,40,42,10,0.95,-32.951601360411146,0.8434735223963112
uniform,40,43,10,0.95,-32.1483770259446,0.8570050648778205
uniform,40,44,10,0.95,-33.934722751371226,0.8863895030852473
uniform,40,45,10,0.925,-35.29831734371782,0.9276428555613374
uniform,40,46,10,0.95,-31.84179553598947,0.8583770905398284
uniform,40,47,10,0.975,-33.62823268345773,0.7924048022328815
uniform,40,48,10,0.95,-33.27510725353212,0.8863895030852473
uniform,40,49,10,0.925,-30.68687685684193,0.9549462889286056
uniform,40,50,10,0.925,-34.007775923715165,0.9468123263852295
uniform,40,51,10,0.875,-33.954521846443136,1.0497818282656932
uniform,40,52,10,0.875,-33.6329480011653,1.0641821694358589
uniform,40,53,10,0.925,-33.15640323196752,0.9549462889286056
uniform,40,54,10,0.95,-30.758382273877924,0.8903460262836665
uniform,40,55,10,0.95,-32.555454932834145,0.8556886672556693
uniform,40,56,10,0.925,-35.228475000630034,0.9045017244629406
uniform,40,57,10,0.85,-33.04396102416022,1.0836098379941532
uniform,40,58,10,0.925,-32.582850775861075,0.8990737637631184
uniform,40,59,10,0.95,-30.79856344684779,0.8451132568429527
uniform,40,60,10,0.925,-33.81372560210061,0.8990737637631183
uniform,40,61,10,0.95,-34.61739707396468,0.8451132568429527
uniform,40,62,10,0.925,-32.89779301289489,0.9045017244629406
uniform,40,63,10,0.85,-31.394323402183325,1.077996935110487
uniform,40,64,10,0.9,-31.84581091094411,0.9541792393186606
uniform,40,65,10,0.9,-34.346697814021994,0.9925904272457021
uniform,40,66,10,0.925,-33.31193764075148,0.9522402870850517
uniform,40,67,10,0.825,-31.40337533307265,1.0518345279222596
uniform,40,68,10,0.925,-31.750240096625337,0.9468123263852295
uniform,40,69,10,0.875,-33.220935351162105,1.0641821694358589
uniform,40,70,10,0.95,-30.78030660908049,0.8903460262836665
uniform,40,71,10,1.0,-32.064469157666345,0.6918966592050799
uniform,40,72,10,0.925,-32.86053594872604,0.8492141469848024
uniform,40,73,10,0.85,-33.54904090108647,1.1058898790247633
uniform,40,74,10,0.875,-33.191314013703455,1.064182169435859
uniform,40,75,10,0.925,-32.46060330551899,0.9072077263064946
uniform,40,76,10,0.85,-35.67599906595692,1.07946837261189
uniform,40,77,10,0.9,-32.27043479075347,0.9827401177514139
uniform,40,78,10,0.975,-34.51359217837042,0.789837883255865
uniform,40,79,10,0.925,-34.2912708141859,0.9072077263064946
uniform,40,80,10,0.9,-32.17786382358146,0.9541792393186606
uniform,40,81,10,0.975,-32.51065171197558,0.7187175746246139
uniform,40,82,10,0.875,-33.02925003778319,1.0584412112455066
uniform,40,83,10,0.925,-35.8949349117758,0.9276428555613374
uniform,40,84,10,0.925,-30.581255141540698,0.9549462889286056
uniform,40,85,10,0.8,-31.341969914181455,1.1856692967723448
uniform,40,86,10,0.925,-30.61936120360284,0.9549462889286056
uniform,40,87,10,0.925,-32.61322500389768,0.9522402870850516
uniform,40,88,10,0.925,-33.5939242877615,0.9137812557021723
uniform,40,89,10,0.95,-33.137402158694975,0.8357940955133492
uniform,40,90,10,0.975,-33.437107739043206,0.76652833049184
uniform,40,91,10,0.875,-33.60707202993189,1.064182169435859
uniform,40,92,10,0.95,-34.12681185490071,0.8863895030852473
uniform,40,93,10,0.775,-33.19392485567566,1.2099338754903874
uniform,40,94,10,0.95,-36.089393641085,0.8916624239058177
uniform,40,95,10,0.875,-32.29606886855775,1.0055726752075114
uniform,40,96,10,0.9,-33.313964975763305,1.003759346135877
uniform,40,97,10,0.925,-31.464303104149135,0.9468123263852295
uniform,40,98,10,0.925,-32.0562061905725,0.9522402870850517
uniform,40,99,10,0.875,-34.3791569528511,1.0641821694358589
uniform,40,0,20,0.825,-33.42520654289824,1.151667979885236
uniform,40,1,20,0.825,-32.14469364435612,1.139891195911872
uniform,40,2,20,0.85,-32.608105718230334,1.0104127537805412
uniform,40,3,20,0.875,-32.622056205762426,1.0584412112455066
uniform,40,4,20,0.875,-32.36338784541301,1.064182169435859
uniform,40,5,20,0.825,-33.85925744642712,1.1455755158824392
uniform,40,6,20,0.825,-33.333082643623314,1.1307637755622766
uniform,40,7,20,0.85,-30.26362563852087,1.1143848308645332
uniform,40,8,20,0.75,-32.46249198830622,1.2437618852188477
uniform,40,9,20,0.775,-30.049854275827894,1.2245159646384434
uniform,40,10,20,0.85,-35.130470547183705,1.1058898790247633
uniform,40,11,20,0.925,-31.593144869435996,0.9522402870850516
uniform,40,12,20,0.825,-32.36868320907324,1.136379418399844
uniform,40,13,20,0.8,-31.630639853661076,1.1682824501765625
uniform,40,14,20,0.675,-32.91831269201628,1.2920494622513032
uniform,40,15,20,0.75,-32.21676388409427,1.24879576360652
uniform,40,16,20,0.825,-31.198990031017416,1.151667979885236
uniform,40,17,20,0.8,-35.36656741198477,1.1872832254713435
uniform,40,18,20,0.825,-32.75561252334606,1.139891195911872
uniform,40,19,20,0.825,-34.038735174328835,1.151667979885236
uniform,40,20,20,0.675,-35.38976361191027,1.2650844342050218
uniform,40,21,20,0.7,-31.380581210412256,1.2968441295132072
uniform,40,22,20,0.875,-32.822797792431636,1.0670432111586647
uniform,40,23,20,0.775,-33.25775696444044,1.2034437798513462
uniform,40,24,20,0.775,-33.793425397019696,1.2245159646384434
uniform,40,25,20,0.95,-32.1785467166462,0.8903460262836665
uniform,40,26,20,0.775,-34.24089423695021,1.1936391020391603
uniform,40,27,20,0.75,-32.98790488389068,1.2504484467910815
uniform,40,28,20,0.9,-33.49460155811538,1.003759346135877
uniform,40,29,20,0.775,-32.669327083297894,1.2049897689072253
uniform,40,30,20,0.825,-32.81302025105464,1.136379418399844
uniform,40,31,20,0.75,-32.50303326052376,1.240380690015737
uniform,40,32,20,0.825,-33.938129079956255,1.018907705620311
uniform,40,33,20,0.75,-34.01074829880397,1.207919541255537
uniform,40,34,20,0.875,-32.827312946694924,1.0454670557247812
uniform,40,35,20,0.7,-32.2455578129946,1.2798542258336676
uniform,40,36,20,0.875,-35.348009132104266,0.965655369889536
uniform,40,37,20,0.85,-32.76230409107968,1.1058898790247633
uniform,40,38,20,0.775,-35.225464056329045,1.2245159646384434
uniform,40,39,20,0.825,-32.03235582448762,1.151667979885236
uniform,40,40,20,0.825,-31.784561800772995,1.1455755158824392
uniform,40,41,20,0.825,-32.271093660571665,1.151667979885236
uniform,40,42,20,0.775,-32.00345073684503,1.2245159646384434
uniform,40,43,20,0.75,-32.53537773669757,1.207973687592232
uniform,40,44,20,0.75,-32.46506233963339,1.207919541255537
uniform,40,45,20,0.825,-32.994386208767736,1.136379418399844
uniform,40,46,20,0.825,-35.378079665688965,1.139891195911872
uniform,40,47,20,0.825,-31.14558126111657,1.1547029362320347
uniform,40,48,20,0.775,-32.3562896023508,1.2245159646384434
uniform,40,49,20,0.8,-31.79219127313942,1.1919860852527375
uniform,40,50,20,0.725,-32.8670709304788,1.2588473036026393
uniform,40,51,20,0.75,-32.97186358650485,1.2554823251787535
uniform,40,52,20,0.825,-31.954704424825188,1.151667979885236
uniform,40,53,20,0.8,-34.074284146394106,1.1872328156177405
uniform,40,54,20,0.9,-33.2622578746656,0.9995819067909201
uniform,40,55,20,0.85,-31.564199907488856,1.1058898790247633
uniform,40,56,20,0.825,-31.547063755543345,1.1307637755622766
uniform,40,57,20,0.875,-32.34795717704658,1.0670432111586647
uniform,40,58,20,0.825,-32.59581672738349,1.1368562395650734
uniform,40,59,20,0.725,-33.4831055735312,1.2588473036026393
uniform,40,60,20,0.825,-32.165073328655666,1.1547029362320347
uniform,40,61,20,0.875,-31.911720034819584,1.0641821694358589
uniform,40,62,20,0.7,-31.598945597040053,1.2926579551426813
uniform,40,63,20,0.725,-33.47650897634961,1.2496272508444413
uniform,40,64,20,0.775,-31.637236627966313,1.2245159646384434
uniform,40,65,20,0.7,-32.80249928887331,1.1983535574502158
uniform,40,66,20,0.875,-31.861209505704764,1.0670432111586647
uniform,40,67,20,0.825,-31.539638877794594,1.136379418399844
uniform,40,68,20,0.825,-33.67003752834996,1.1368562395650734
uniform,40,69,20,0.9,-36.126061765699085,1.003759346135877
uniform,40,70,20,0.775,-33.54426482961446,1.2049897689072253
uniform,40,71,20,0.775,-31.491226926076315,1.2049897689072253
uniform,40,72,20,0.825,-32.64786455073801,1.1215676780796815
uniform,40,73,20,0.925,-33.2290555770948,0.9072077263064946
uniform,40,74,20,0.95,-33.328134661479666,0.8583770905398282
uniform,40,75,20,0.85,-31.693378526800235,1.102551408671384
uniform,40,76,20,0.85,-35.20433719636917,1.053262284795137
uniform,40,77,20,0.875,-34.173643385391635,1.0670432111586647
uniform,40,78,20,0.725,-34.23548721787893,1.2588473036026393
uniform,40,79,20,0.85,-32.89897527067554,1.053262284795137
uniform,40,80,20,0.8,-32.23432385644968,1.128710681392036
uniform,40,81,20,0.75,-32.1456419617504,1.207973687592232
uniform,40,82,20,0.85,-33.86340403078451,1.102551408671384
uniform,40,83,20,0.8,-36.33913604367876,1.1872832254713435
uniform,40,84,20,0.75,-36.11077538488939,1.2504484467910815
uniform,40,85,20,0.725,-32.01369845860529,1.241007557967569
uniform,40,86,20,0.85,-33.53001364844321,1.1058898790247633
uniform,40,87,20,0.675,-31.956258252360772,1.3108205863739777
uniform,40,88,20,0.7,-32.64055002354747,1.2580481453641945
uniform,40,89,20,0.85,-34.3229086379426,1.114384830864533
uniform,40,90,20,0.875,-33.314832858209115,1.0454670557247812
uniform,40,91,20,0.825,-32.631842672719095,1.1547029362320347
uniform,40,92,20,0.75,-36.89178607758822,1.2554823251787535
uniform,40,93,20,0.825,-32.56318866134752,1.1215676780796815
uniform,40,94,20,0.725,-32.70224550182677,1.2693481285151735
uniform,40,95,20,0.825,-35.28892721311846,1.066646268242422
uniform,40,96,20,0.8,-31.730656909505207,1.1673871969099059
uniform,40,97,20,0.75,-33.44831295383037,1.228225043980257
uniform,40,98,20,0.85,-32.99923440615264,1.07946837261189
uniform,40,99,20,0.775,-32.814646272320246,1.1936391020391603
uniform,40,0,30,0.7,-33.11910940077158,1.2852343430776518
uniform,40,1,30,0.65,-33.62219817264159,1.3057360242692195
uniform,40,2,30,0.725,-36.040220849087696,1.2693481285151735
uniform,40,3,30,0.725,-32.23553554966765,1.2762917646045535
uniform,40,4,30,0.575,-31.232091806926405,1.3605700206113298
uniform,40,5,30,0.675,-33.56197263924449,1.2920494622513032
uniform,40,6,30,0.6,-32.13693155988917,1.35778649882815
uniform,40,7,30,0.7,-31.800578194472994,1.2541813939702853
uniform,40,8,30,0.6,-33.702494293574674,1.3661588475692017
uniform,40,9,30,0.725,-32.29322333892476,1.2354609535646968
uniform,40,10,30,0.7,-33.762913432662565,1.2541813939702853
uniform,40,11,30,0.725,-31.486147057646274,1.2446810063228948
uniform,40,12,30,0.7,-35.29008208513474,1.287814742102076
uniform,40,13,30,0.7,-31.89252221093812,1.2647678718324977
uniform,40,14,30,0.575,-32.915499821897754,1.3605700206113298
uniform,40,15,30,0.725,-31.4522505930518,1.2514063333491916
uniform,40,16,30,0.75,-35.13111009791951,1.248780543356486
uniform,40,17,30,0.725,-33.568255810283155,1.2588473036026393
uniform,40,18,30,0.725,-33.07780601532221,1.2601280757569755
uniform,40,19,30,0.675,-33.62957246764995,1.3185904372953194
uniform,40,20,30,0.7,-34.67199748558615,1.2836285677315502
uniform,40,21,30,0.7,-34.36758891121413,1.2968441295132072
uniform,40,22,30,0.6,-33.59333067401318,1.2735586526749767
uniform,40,23,30,0.625,-36.785724424012955,1.3117482818709958
uniform,40,24,30,0.625,-31.42401177832604,1.3533763335818898
uniform,40,25,30,0.675,-31.981745847386083,1.3033547178082423
uniform,40,26,30,0.75,-35.11056898741032,1.2332437021178952
uniform,40,27,30,0.7,-33.98090779839592,1.2926579551426813
uniform,40,28,30,0.725,-32.26858069002401,1.270526851138598
uniform,40,29,30,0.6,-33.10183998920861,1.354653309514755
uniform,40,30,30,0.75,-36.97422461515089,1.2353468116280646
uniform,40,31,30,0.75,-32.072321394710755,1.248780543356486
uniform,40,32,30,0.725,-32.419252058244695,1.2693481285151735
uniform,40,33,30,0.775,-31.211850555235806,1.1452054091887367
uniform,40,34,30,0.775,-32.88300035139046,1.2212845423584522
uniform,40,35,30,0.725,-32.618281157956915,1.2762917646045535
uniform,40,36,30,0.525,-33.8792793421694,1.379010126127726
uniform,40,37,30,0.8,-36.18885911089242,1.1658236780645101
uniform,40,38,30,0.675,-32.69012150329909,1.2948836677515692
uniform,40,39,30,0.725,-34.12427370850246,1.2446810063228948
uniform,40,40,30,0.725,-32.37856709536401,1.2514063333491916
uniform,40,41,30,0.75,-34.33405267776328,1.2349116055524907
uniform,40,42,30,0.7,-32.504045133816646,1.258367568340811
uniform,40,43,30,0.675,-33.36228062907336,1.2623805702998523
uniform,40,44,30,0.6,-32.314800703905355,1.363025658255807
uniform,40,45,30,0.75,-34.37986634991121,1.219809970389474
uniform,40,46,30,0.625,-32.77732491169137,1.3077375525975028
uniform,40,47,30,0.6,-32.609319443207625,1.3609399069340555
uniform,40,48,30,0.75,-33.81595866217866,1.240380690015737
uniform,40,49,30,0.85,-33.7185610351607,1.0421543707762
uniform,40,50,30,0.625,-32.59697825508493,1.3533763335818898
uniform,40,51,30,0.65,-32.88483281571654,1.3195454632493369
uniform,40,52,30,0.675,-31.39529678361744,1.3108205863739777
uniform,40,53,30,0.75,-33.43555984623395,1.24879576360652
uniform,40,54,30,0.625,-32.54183131334572,1.346659467717679
uniform,40,55,30,0.65,-32.67848688106476,1.3350851650920204
uniform,40,56,30,0.75,-32.26971290594519,1.2437618852188477
uniform,40,57,30,0.625,-33.81861057042428,1.320888343149322
uniform,40,58,30,0.675,-31.353793704075976,1.2948836677515692
uniform,40,59,30,0.725,-33.35484929813011,1.2670717118463555
uniform,40,60,30,0.825,-33.22561518763346,1.1547029362320347
uniform,40,61,30,0.775,-32.22328375488064,1.1387153135496955
uniform,40,62,30,0.85,-32.952192661869134,1.078542266530246
uniform,40,63,30,0.6,-32.494302881268425,1.363025658255807
uniform,40,64,30,0.625,-32.38663477383976,1.3493656043083968
uniform,40,65,30,0.85,-33.43492687180752,1.114384830864533
uniform,40,66,30,0.575,-33.324780291219405,1.3373345251673217
uniform,40,67,30,0.775,-32.810269407496655,1.2131652977703786
uniform,40,68,30,0.725,-32.09540098078424,1.270526851138598
uniform,40,69,30,0.675,-33.49053753970821,1.299819313172645
uniform,40,70,30,0.675,-32.63326897107129,1.299819313172645
uniform,40,71,30,0.725,-33.02347508349146,1.2670717118463555
uniform,40,72,30,0.65,-33.40767158285421,1.338668841642836
uniform,40,73,30,0.7,-32.70242088340142,1.2968441295132072
uniform,40,74,30,0.575,-32.66762854372305,1.347208482128024
uniform,40,75,30,0.65,-34.06943361630182,1.3292871999608802
uniform,40,76,30,0.725,-32.467750931906096,1.2762917646045535
uniform,40,77,30,0.55,-33.15197488458199,1.3762266043445464
uniform,40,78,30,0.625,-31.293408224366285,1.3493656043083968
uniform,40,79,30,0.625,-32.497874390119435,1.3223289850325168
uniform,40,80,30,0.8,-34.448324460065884,1.1856692967723448
uniform,40,81,30,0.525,-31.97972195816416,1.354653309514755
uniform,40,82,30,0.65,-34.01018345112119,1.3241821248572836
uniform,40,83,30,0.75,-36.71805449968963,1.248780543356486
uniform,40,84,30,0.625,-36.76981051502566,1.3345749051672384
uniform,40,85,30,0.7,-32.82999944091314,1.2413776646612713
uniform,40,86,30,0.575,-33.73663351061354,1.3737224209213676
uniform,40,87,30,0.675,-33.21418771540486,1.3185904372953194
uniform,40,88,30,0.8,-32.38090591717577,1.173086737130507
uniform,40,89,30,0.8,-32.52336977204456,1.1809664369909507
uniform,40,90,30,0.725,-32.522210076142606,1.2514063333491916
uniform,40,91,30,0.675,-32.40870794783254,1.2920494622513032
uniform,40,92,30,0.65,-31.867198958515697,1.2948329840344832
uniform,40,93,30,0.7,-34.641790395618706,1.3040114826148388
uniform,40,94,30,0.675,-33.506773524019835,1.3111245687295838
uniform,40,95,30,0.65,-33.29526541439959,1.3350851650920204
uniform,40,96,30,0.675,-31.833116205699824,1.3185904372953194
uniform,40,97,30,0.7,-32.8973914302397,1.2150389505939838
uniform,40,98,30,0.725,-32.76591992698855,1.2514063333491916
uniform,40,99,30,0.675,-34.42990493659171,1.2948836677515692
uniform,40,0,40,0.575,-32.836514996156694,1.341291771031449
uniform,40,1,40,0.5,-33.64189105551104,1.3837901776967123
uniform,40,2,40,0.675,-32.80549003878919,1.3145328001833665
uniform,40,3,40,0.45,-32.720482788112605,1.379010126127726
uniform,40,4,40,0.7,-32.964512975384984,1.2836285677315502
uniform,40,5,40,0.65,-34.11969655349545,1.3195454632493369
uniform,40,6,40,0.6,-33.693077667043525,1.363025658255807
uniform,40,7,40,0.675,-32.926840912880486,1.2698464388655877
uniform,40,8,40,0.525,-32.85895662968063,1.338668841642836
uniform,40,9,40,0.575,-32.46519600857184,1.3737224209213676
uniform,40,10,40,0.475,-33.869654942855945,1.3533763335818898
uniform,40,11,40,0.65,-33.53100488773302,1.337010143043762
uniform,40,12,40,0.55,-33.7027136198718,1.3785024724903538
uniform,40,13,40,0.65,-32.26588843996419,1.332870876511696
uniform,40,14,40,0.725,-32.202788412368285,1.2670717118463555
uniform,40,15,40,0.55,-31.741418730742073,1.332870876511696
uniform,40,16,40,0.6,-32.84530672933575,1.3352487738455703
uniform,40,17,40,0.7,-31.593857076867614,1.2980380723866656
uniform,40,18,40,0.575,-32.97776677543559,1.354653309514755
uniform,40,19,40,0.6,-33.08660950958302,1.354653309514755
uniform,40,20,40,0.575,-32.561201849993694,1.3678057098247929
uniform,40,21,40,0.7,-32.188403163043304,1.2980380723866656
uniform,40,22,40,0.6,-32.69486150446928,1.3451529218673648
uniform,40,23,40,0.625,-32.66935094925763,1.3426487384441863
uniform,40,24,40,0.625,-32.84793450740809,1.3223289850325168
uniform,40,25,40,0.6,-31.821284034021932,1.3535252706084164
uniform,40,26,40,0.6,-34.56471000093223,1.3290458508967273
uniform,40,27,40,0.675,-34.03793891440675,1.2920494622513032
uniform,40,28,40,0.475,-31.89749798324206,1.3737224209213676
uniform,40,29,40,0.65,-34.28204561911507,1.188053830588938
uniform,40,30,40,0.475,-32.19792999733732,1.3785024724903538
uniform,40,31,40,0.675,-33.576909480540834,1.2845384366911246
uniform,40,32,40,0.75,-32.52978589167081,1.2353468116280646
uniform,40,33,40,0.5,-34.43250157062021,1.3609399069340555
uniform,40,34,40,0.575,-33.02862613851417,1.3678057098247929
uniform,40,35,40,0.6,-34.11104887534698,1.3352487738455703
uniform,40,36,40,0.625,-32.24339311623647,1.3493656043083968
uniform,40,37,40,0.525,-32.10066878706958,1.3785024724903538
uniform,40,38,40,0.625,-32.55013150978408,1.346659467717679
uniform,40,39,40,0.65,-33.30365478450848,1.3405938195945777
uniform,40,40,40,0.625,-34.180542135802455,1.3493656043083968
uniform,40,41,40,0.625,-33.10109937176802,1.3057360242692198
uniform,40,42,40,0.65,-33.56828508436756,1.3350851650920204
uniform,40,43,40,0.55,-31.777598301635205,1.3412917710314491
uniform,40,44,40,0.725,-33.473137297886815,1.2797469038967961
uniform,40,45,40,0.65,-33.209197508993554,1.3292871999608802
uniform,40,46,40,0.6,-32.273498107389536,1.35778649882815
uniform,40,47,40,0.7,-33.22672156270165,1.2708248384225362
uniform,40,48,40,0.575,-32.8873907519148,1.3737224209213676
uniform,40,49,40,0.45,-33.25311829156948,1.346659467717679
uniform,40,50,40,0.7,-32.23916712880036,1.2836285677315502
uniform,40,51,40,0.625,-33.0311623442113,1.3493656043083968
uniform,40,52,40,0.725,-31.682371522386493,1.2797469038967961
uniform,40,53,40,0.75,-32.08365362511608,1.1364742090896758
uniform,40,54,40,0.55,-32.06279536876897,1.3261071028090254
uniform,40,55,40,0.675,-32.98078581981547,1.2761125436288947
uniform,40,56,40,0.625,-31.64707702922115,1.3329729056997628
uniform,40,57,40,0.475,-33.2627998837074,1.3640730962474505
uniform,40,58,40,0.8,-32.49976447959951,1.1872832254713435
uniform,40,59,40,0.575,-34.04579564811096,1.3558011387542241
uniform,40,60,40,0.625,-33.50047639825658,1.3345749051672384
uniform,40,61,40,0.675,-37.25177237778879,1.298595881560958
uniform,40,62,40,0.525,-31.78175136322208,1.3289621764262698
uniform,40,63,40,0.375,-32.17063318498118,1.2779202721425356
uniform,40,64,40,0.775,-31.59481072337571,1.1484368314687279
uniform,40,65,40,0.55,-31.54317101039584,1.3493656043083968
uniform,40,66,40,0.65,-31.863171893678764,1.2912553025553353
uniform,40,67,40,0.45,-31.984315375553717,1.332870876511696
uniform,40,68,40,0.6,-32.07324722268392,1.354653309514755
uniform,40,69,40,0.425,-34.597552498563076,1.3737224209213676
uniform,40,70,40,0.575,-33.424505709447054,1.3737224209213676
uniform,40,71,40,0.475,-32.90005633959895,1.338668841642836
uniform,40,72,40,0.625,-33.434643293308525,1.3345749051672384
uniform,40,73,40,0.65,-32.36492017591749,1.337010143043762
uniform,40,74,40,0.6,-31.682858843615,1.354653309514755
uniform,40,75,40,0.575,-34.481264146979434,1.36057002061133
uniform,40,76,40,0.525,-32.98213748919375,1.367805709824793
uniform,40,77,40,0.6,-34.38416860532235,1.354653309514755
uniform,40,78,40,0.6,-33.17479017578475,1.3289621764262698
uniform,40,79,40,0.55,-32.2208152720773,1.346659467717679
uniform,40,80,40,0.625,-34.916321939539216,1.3289621764262698
uniform,40,81,40,0.6,-34.72726512225583,1.3535252706084164
uniform,40,82,40,0.65,-31.04154926724699,1.2996637193205551
uniform,40,83,40,0.525,-31.875736507048163,1.369360801453809
uniform,40,84,40,0.55,-34.55528555592393,1.3535252706084164
uniform,40,85,40,0.65,-32.92873991981795,1.3093197008200355
uniform,40,86,40,0.625,-32.936339219683866,1.3533763335818898
uniform,40,87,40,0.6,-31.293846331200417,1.3451529218673648
uniform,40,88,40,0.675,-33.488405933507785,1.3223026511047082
uniform,40,89,40,0.625,-33.10029385381635,1.320888343149322
uniform,40,90,40,0.575,-32.415517502753175,1.3292871999608802
uniform,40,91,40,0.675,-34.63919065839201,1.2761125436288947
uniform,40,92,40,0.6,-32.712220120669436,1.3352487738455705
uniform,40,93,40,0.65,-32.455447229855174,1.3292871999608802
uniform,40,94,40,0.625,-32.25553409806067,1.3533763335818898
uniform,40,95,40,0.7,-31.15545512838045,1.2798542258336676
uniform,40,96,40,0.675,-31.919936848305312,1.276768585769783
uniform,40,97,40,0.675,-33.06967181299655,1.3145328001833665
uniform,40,98,40,0.475,-34.4435173450486,1.369360801453809
uniform,40,99,40,0.55,-33.49812506481431,1.3700815779706006
uniform,40,0,50,0.325,-31.74013330831509,1.3108205863739777
uniform,40,1,50,0.575,-31.354528291047135,1.3514395192866653
uniform,40,2,50,0.45,-33.56195708963723,1.35778649882815
uniform,40,3,50,0.625,-33.21102113224572,1.3493656043083968
uniform,40,4,50,0.575,-31.773987670287884,1.36057002061133
uniform,40,5,50,0.45,-32.459372849902856,1.369360801453809
uniform,40,6,50,0.375,-34.82451483520686,1.3412917710314491
uniform,40,7,50,0.375,-34.02181622811091,1.346659467717679
uniform,40,8,50,0.55,-32.32313924118782,1.3700815779706006
uniform,40,9,50,0.5,-30.861632377756365,1.3634440903572342
uniform,40,10,50,0.525,-33.512131446323004,1.3737224209213679
uniform,40,11,50,0.475,-32.99277219087955,1.3737224209213676
uniform,40,12,50,0.475,-32.538816062463,1.3785024724903538
uniform,40,13,50,0.625,-32.270095248368456,1.341291771031449
uniform,40,14,50,0.425,-30.555446513652022,1.355801138754224
uniform,40,15,50,0.65,-33.95542462007089,1.307386662403437
uniform,40,16,50,0.55,-32.675606259471415,1.3762266043445464
uniform,40,17,50,0.475,-34.70383188153709,1.3022242467571914
uniform,40,18,50,0.525,-35.60827978655082,1.3693608014538088
uniform,40,19,50,0.4,-31.708327166435815,1.3290458508967276
uniform,40,20,50,0.475,-32.263496331924955,1.3640730962474505
uniform,40,21,50,0.525,-33.38709946002083,1.3693608014538088
uniform,40,22,50,0.5,-30.932139562634525,1.3837901776967123
uniform,40,23,50,0.45,-30.833066876621626,1.3535252706084164
uniform,40,24,50,0.425,-33.664944665841524,1.367805709824793
uniform,40,25,50,0.6,-34.14739629106692,1.363025658255807
uniform,40,26,50,0.5,-30.92477895875469,1.3533763335818898
uniform,40,27,50,0.55,-31.172165993042462,1.367805709824793
uniform,40,28,50,0.45,-34.262135177221936,1.379010126127726
uniform,40,29,50,0.5,-32.068199902891806,1.383790177696712
uniform,40,30,50,0.4,-33.28777165278387,1.360939906934056
uniform,40,31,50,0.55,-31.836038681930425,1.3577864988281498
uniform,40,32,50,0.7,-35.99667924389891,1.299825308244313
uniform,40,33,50,0.45,-32.60625937467296,1.367805709824793
uniform,40,34,50,0.45,-34.88877304076527,1.3762266043445464
uniform,40,35,50,0.45,-31.980029427635102,1.3721443232369888
uniform,40,36,50,0.675,-33.249862909170034,1.3145328001833665
uniform,40,37,50,0.575,-32.20950381686491,1.3290458508967276
uniform,40,38,50,0.6,-31.904795226107908,1.3514395192866653
uniform,40,39,50,0.425,-33.35892561986302,1.36057002061133
uniform,40,40,50,0.5,-32.38408898783943,1.3634440903572342
uniform,40,41,50,0.35,-32.69105602495415,1.3093197008200355
uniform,40,42,50,0.4,-31.1577605987987,1.347208482128024
uniform,40,43,50,0.4,-34.374178996488816,1.2735586526749765
uniform,40,44,50,0.475,-33.0379938995737,1.3737224209213679
uniform,40,45,50,0.475,-33.11228340662094,1.3737224209213679
uniform,40,46,50,0.525,-33.78404535844569,1.3790101261277259
uniform,40,47,50,0.525,-32.11907963134094,1.3737224209213676
uniform,40,48,50,0.375,-33.5246959555725,1.3426487384441863
uniform,40,49,50,0.6,-33.63179641778998,1.354653309514755
uniform,40,50,50,0.375,-32.98468534893981,1.32896217642627
uniform,40,51,50,0.35,-33.692945947144935,1.2876716260045196
uniform,40,52,50,0.6,-31.530271233313613,1.3609399069340555
uniform,40,53,50,0.375,-33.08746614084544,1.349365604308397
uniform,40,54,50,0.45,-32.18645570866329,1.3700815779706008
uniform,40,55,50,0.5,-34.0280518181791,1.3426487384441863
uniform,40,56,50,0.375,-34.589523563422524,1.3533763335818898
uniform,40,57,50,0.525,-33.153496702185286,1.3289621764262698
uniform,40,58,50,0.525,-31.743781093340594,1.3785024724903538
uniform,40,59,50,0.6,-34.20385384907336,1.3514395192866653
uniform,40,60,50,0.45,-32.06429005156309,1.3721443232369888
uniform,40,61,50,0.475,-32.13676197622041,1.379010126127726
uniform,40,62,50,0.55,-31.656292998289295,1.3785024724903538
uniform,40,63,50,0.45,-40.656473107735266,1.2920494622513035
uniform,40,64,50,0.525,-34.59672933225838,1.354653309514755
uniform,40,65,50,0.575,-32.23376977330645,1.3231291398001526
uniform,40,66,50,0.45,-33.25694348047231,1.319545463249337
uniform,40,67,50,0.55,-31.017067534375308,1.332870876511696
uniform,40,68,50,0.525,-32.551190604121004,1.3514395192866653
uniform,40,69,50,0.55,-31.868115331361324,1.3785024724903538
uniform,40,70,50,0.575,-33.34235079332297,1.354653309514755
uniform,40,71,50,0.525,-32.978465472102066,1.3241821248572836
uniform,40,72,50,0.45,-32.95931036644775,1.3077375525975028
uniform,40,73,50,0.425,-32.11554354610866,1.369360801453809
uniform,40,74,50,0.375,-33.745831219488984,1.3329729056997628
uniform,40,75,50,0.625,-33.05033494437715,1.3426487384441863
uniform,40,76,50,0.625,-33.783650421927376,1.3345749051672384
uniform,40,77,50,0.4,-33.65644342704341,1.3440752928146291
uniform,40,78,50,0.575,-31.341235763907346,1.3426487384441863
uniform,40,79,50,0.475,-36.238047181609254,1.346659467717679
uniform,40,80,50,0.525,-35.72786674581056,1.363025658255807
uniform,40,81,50,0.45,-33.783323601099035,1.3700815779706008
uniform,40,82,50,0.6,-35.26294976970337,1.363025658255807
uniform,40,83,50,0.475,-33.4928320124146,1.379010126127726
uniform,40,84,50,0.475,-31.74640250459277,1.3630256582558071
uniform,40,85,50,0.5,-30.496887473119642,1.3737224209213679
uniform,40,86,50,0.625,-31.897174849601885,1.3290458508967276
uniform,40,87,50,0.4,-33.14399909942122,1.3195454632493369
uniform,40,88,50,0.5,-31.197162363122832,1.360939906934056
uniform,40,89,50,0.525,-33.722542154069856,1.346659467717679
uniform,40,90,50,0.55,-33.26204387125562,1.3762266043445461
uniform,40,91,50,0.4,-33.69031350105257,1.354653309514755
uniform,40,92,50,0.45,-37.136795972745645,1.379010126127726
uniform,40,93,50,0.575,-33.444035408663574,1.3737224209213676
uniform,40,94,50,0.6,-32.311445888057385,1.363025658255807
uniform,40,95,50,0.525,-32.975405904528664,1.3640730962474505
uniform,40,96,50,0.525,-32.55423433647221,1.3785024724903538
uniform,40,97,50,0.4,-34.38301209150721,1.360939906934056
uniform,40,98,50,0.55,-35.47327893703059,1.3577864988281498
uniform,40,99,50,0.5,-32.798416054382756,1.3812859942735338
k-DPP,40,0,10,0.9,-32.36138482731554,0.9475258316739961
k-DPP,40,1,10,0.85,-32.915520328350894,1.0661635129173375
k-DPP,40,2,10,0.975,-31.864307472056606,0.7534119982059702
k-DPP,40,3,10,0.925,-32.016980698825925,0.9276428555613374
k-DPP,40,4,10,0.95,-31.56400540263824,0.8570050648778205
k-DPP,40,5,10,0.925,-33.60152360067,0.9549462889286056
k-DPP,40,6,10,0.9,-32.524007135873184,1.0051489503572797
k-DPP,40,7,10,0.9,-30.032140680995028,1.003759346135877
k-DPP,40,8,10,0.825,-30.518975216855065,1.136379418399844
k-DPP,40,9,10,0.95,-32.3452436310173,0.8863895030852473
k-DPP,40,10,10,0.875,-31.640825528508493,1.0670432111586647
k-DPP,40,11,10,0.85,-32.84952499290345,1.1058898790247633
k-DPP,40,12,10,0.925,-32.89357229343752,0.9137812557021722
k-DPP,40,13,10,0.95,-32.30827336245011,0.8903460262836665
k-DPP,40,14,10,1.0,-31.875129320389732,0.6615632381579819
k-DPP,40,15,10,0.95,-32.46218659799013,0.8517321440572501
k-DPP,40,16,10,0.925,-33.69491709347374,0.9137812557021723
k-DPP,40,17,10,0.975,-33.42243021973829,0.7769347910587627
k-DPP,40,18,10,0.9,-30.775295085475086,1.003759346135877
k-DPP,40,19,10,0.925,-32.62111515809604,0.9276428555613374
k-DPP,40,20,10,0.9,-31.846353356827056,0.9995819067909201
k-DPP,40,21,10,0.9,-30.188356732159267,0.9995819067909201
k-DPP,40,22,10,0.875,-31.586236246180867,1.0670432111586647
k-DPP,40,23,10,0.925,-34.60000930861027,0.8799042929392265
k-DPP,40,24,10,0.925,-32.362832803444476,0.8990737637631183
k-DPP,40,25,10,0.9,-32.930059647137476,0.9137323026676867
k-DPP,40,26,10,0.875,-31.160160974400707,1.0641821694358589
k-DPP,40,27,10,0.9,-31.45152787389166,1.0168405497299906
k-DPP,40,28,10,0.825,-31.12790292970561,1.1547029362320347
k-DPP,40,29,10,0.825,-31.952941553236336,1.151667979885236
k-DPP,40,30,10,0.95,-31.685377900492668,0.8863895030852473
k-DPP,40,31,10,0.95,-31.571068631671597,0.87977061587095
k-DPP,40,32,10,0.875,-31.223728142601097,1.0454670557247812
k-DPP,40,33,10,0.925,-30.131069670008753,0.9468123263852295
k-DPP,40,34,10,0.825,-32.05570228330483,1.151667979885236
k-DPP,40,35,10,0.95,-33.78602878222257,0.8903460262836665
k-DPP,40,36,10,0.925,-34.00108858021233,0.9522402870850516
k-DPP,40,37,10,0.925,-32.91312966873466,0.9072077263064946
k-DPP,40,38,10,0.925,-31.68796036765246,0.9522402870850517
k-DPP,40,39,10,0.925,-31.869660807938164,0.9072077263064946
k-DPP,40,40,10,0.9,-32.08415822530249,1.0168405497299906
k-DPP,40,41,10,0.875,-31.844588311622356,1.0584412112455066
k-DPP,40,42,10,0.825,-31.711503731436615,1.0606209843631023
k-DPP,40,43,10,0.875,-31.065696617866255,1.0426060140019755
k-DPP,40,44,10,0.925,-35.680478415014434,0.8908913577034254
k-DPP,40,45,10,0.825,-32.4652541267207,1.136379418399844
k-DPP,40,46,10,0.85,-32.108836772996774,1.1099602702963316
k-DPP,40,47,10,0.925,-32.69890597877696,0.9468123263852294
k-DPP,40,48,10,0.85,-31.70513309396079,1.0836098379941534
k-DPP,40,49,10,0.9,-31.4177694223959,1.0051489503572797
k-DPP,40,50,10,0.925,-31.676637043334985,0.8969527096069133
k-DPP,40,51,10,0.9,-32.24413651367396,1.0182301539513934
k-DPP,40,52,10,0.825,-30.499446638008624,1.136379418399844
k-DPP,40,53,10,0.9,-31.59205916484413,1.0168405497299906
k-DPP,40,54,10,0.85,-32.4840240317664,1.114384830864533
k-DPP,40,55,10,0.95,-28.933274332504464,0.808816163368314
k-DPP,40,56,10,0.875,-33.22446533152143,1.0282056728318096
k-DPP,40,57,10,0.95,-31.77135965877767,0.8451132568429528
k-DPP,40,58,10,0.825,-31.616231657044736,1.1368562395650734
k-DPP,40,59,10,0.9,-30.629134116881275,1.005671630839816
k-DPP,40,60,10,0.95,-34.3728119569129,0.8556886672556693
k-DPP,40,61,10,0.825,-32.846396762392715,1.1547029362320347
k-DPP,40,62,10,0.925,-30.685724448858,0.9549462889286056
k-DPP,40,63,10,0.85,-32.14310275748253,1.102551408671384
k-DPP,40,64,10,0.85,-33.50019108179871,1.1099602702963318
k-DPP,40,65,10,0.925,-34.2647138017911,0.9522402870850517
k-DPP,40,66,10,0.9,-31.200680519850554,1.0168405497299906
k-DPP,40,67,10,0.9,-30.386412717504733,1.005671630839816
k-DPP,40,68,10,0.875,-31.26431197578926,1.001868848906286
k-DPP,40,69,10,0.875,-31.391284690375674,1.0282056728318096
k-DPP,40,70,10,0.95,-32.345474946532,0.8903460262836665
k-DPP,40,71,10,0.875,-31.42804569947012,1.0670432111586647
k-DPP,40,72,10,0.95,-32.484221193570676,0.8434735223963112
k-DPP,40,73,10,0.95,-31.137368531230628,0.8797706158709501
k-DPP,40,74,10,0.925,-31.86789265586856,0.8969527096069134
k-DPP,40,75,10,0.875,-31.339279764658766,1.0670432111586647
k-DPP,40,76,10,0.95,-32.82091215547401,0.8556886672556693
k-DPP,40,77,10,0.95,-31.411865709569124,0.8797706158709501
k-DPP,40,78,10,0.95,-32.1929245353129,0.8863895030852473
k-DPP,40,79,10,0.925,-31.440368010005216,0.9522402870850516
k-DPP,40,80,10,0.875,-32.65231229694888,1.0641821694358589
k-DPP,40,81,10,0.875,-32.10719665558585,1.064182169435859
k-DPP,40,82,10,0.9,-32.07628768944407,0.9958213213455276
k-DPP,40,83,10,0.85,-32.56224874177873,1.1058898790247633
k-DPP,40,84,10,0.9,-32.226402886914805,0.9699658171295675
k-DPP,40,85,10,0.925,-33.08535952825641,0.9072077263064946
k-DPP,40,86,10,0.925,-30.65020381782559,0.9549462889286056
k-DPP,40,87,10,0.825,-33.26548244776161,1.136379418399844
k-DPP,40,88,10,0.925,-31.734736999597487,0.9276428555613374
k-DPP,40,89,10,0.875,-32.91428163073999,1.0670432111586647
k-DPP,40,90,10,0.95,-32.914411185454384,0.8863895030852473
k-DPP,40,91,10,0.925,-31.805664551666606,0.9468123263852295
k-DPP,40,92,10,0.875,-33.62535386768078,1.0670432111586647
k-DPP,40,93,10,0.9,-29.835077218479586,0.9699658171295675
k-DPP,40,94,10,0.875,-31.228508002375605,1.0584412112455066
k-DPP,40,95,10,0.9,-32.13176028228667,0.9130745095013533
k-DPP,40,96,10,0.9,-32.11688045158259,1.0168405497299906
k-DPP,40,97,10,0.775,-33.06730676426321,1.1917829421511372
k-DPP,40,98,10,0.9,-33.656679128097764,1.0168405497299906
k-DPP,40,99,10,0.925,-32.387189318332865,0.9386299203255366
k-DPP,40,0,20,0.6,-31.1610855008975,1.3640730962474508
k-DPP,40,1,20,0.8,-33.11154046775189,1.1935496040981333
k-DPP,40,2,20,0.8,-32.02287316885973,1.1856692967723448
k-DPP,40,3,20,0.675,-31.523079447624724,1.2920494622513032
k-DPP,40,4,20,0.825,-31.160516168799255,1.1091960812904793
k-DPP,40,5,20,0.875,-30.21392810684736,1.0282056728318096
k-DPP,40,6,20,0.85,-30.885356582780243,1.101465318456562
k-DPP,40,7,20,0.825,-33.54389484448387,1.1307637755622766
k-DPP,40,8,20,0.675,-31.718800034819324,1.299819313172645
k-DPP,40,9,20,0.8,-31.510082446635696,1.1919860852527375
k-DPP,40,10,20,0.825,-30.747325910242566,1.1547029362320347
k-DPP,40,11,20,0.775,-30.639692911036718,1.185902082412027
k-DPP,40,12,20,0.825,-30.747473328927615,1.1368562395650734
k-DPP,40,13,20,0.875,-32.894010546167266,1.0454670557247812
k-DPP,40,14,20,0.775,-29.87787734369149,1.2212845423584522
k-DPP,40,15,20,0.95,-32.80678415240664,0.8434735223963112
k-DPP,40,16,20,0.7,-33.373423591460345,1.224068338005115
k-DPP,40,17,20,0.85,-30.172968639560654,1.00598819321234
k-DPP,40,18,20,0.85,-31.058910533212035,1.0836098379941534
k-DPP,40,19,20,0.75,-32.66757729931883,1.2353468116280646
k-DPP,40,20,20,0.7,-32.2690357822255,1.2708248384225362
k-DPP,40,21,20,0.875,-32.70792008217515,1.0454670557247812
k-DPP,40,22,20,0.875,-30.31723849413279,1.0454670557247812
k-DPP,40,23,20,0.9,-32.48305318902083,1.0051489503572797
k-DPP,40,24,20,0.775,-31.86204295167868,1.2034437798513462
k-DPP,40,25,20,0.7,-31.92374761720521,1.2852343430776518
k-DPP,40,26,20,0.825,-32.3964450277244,1.151667979885236
k-DPP,40,27,20,0.7,-32.91192178816905,1.2647678718324977
k-DPP,40,28,20,0.85,-29.8236609704266,1.1143848308645332
k-DPP,40,29,20,0.925,-31.37237998401181,0.9549462889286056
k-DPP,40,30,20,0.85,-32.339844560166966,1.1058898790247633
k-DPP,40,31,20,0.8,-31.89116109267696,1.1856692967723448
k-DPP,40,32,20,0.825,-31.152635401747705,1.1215676780796815
k-DPP,40,33,20,0.775,-31.154205159866507,1.2099338754903874
k-DPP,40,34,20,0.825,-32.415385102185375,1.136379418399844
k-DPP,40,35,20,0.775,-31.405207897425292,1.2245159646384434
k-DPP,40,36,20,0.925,-30.816877939687313,0.9276428555613374
k-DPP,40,37,20,0.7,-30.277076026075527,1.2926579551426813
k-DPP,40,38,20,0.75,-32.2035826927272,1.2437618852188477
k-DPP,40,39,20,0.7,-30.860027950604493,1.2708518746732083
k-DPP,40,40,20,0.775,-31.208733087939603,1.2245159646384434
k-DPP,40,41,20,0.825,-32.672706776141055,1.0978369532603283
k-DPP,40,42,20,0.75,-31.536100537430695,1.1924368463536412
k-DPP,40,43,20,0.85,-32.3574820723993,1.1099602702963318
k-DPP,40,44,20,0.825,-32.191675589867764,1.1307637755622766
k-DPP,40,45,20,0.775,-31.722679392492477,1.2245159646384434
k-DPP,40,46,20,0.925,-30.96639326628949,0.9522402870850516
k-DPP,40,47,20,0.725,-32.36956270739992,1.2797469038967961
k-DPP,40,48,20,0.725,-34.148558992269095,1.2588473036026393
k-DPP,40,49,20,0.85,-31.898768626092473,1.1143848308645332
k-DPP,40,50,20,0.8,-32.137786553562,1.1302742002374315
k-DPP,40,51,20,0.825,-31.487418465378955,1.0168705000772613
k-DPP,40,52,20,0.75,-33.01287782249254,1.2353468116280646
k-DPP,40,53,20,0.875,-31.06240907832793,1.0426060140019753
k-DPP,40,54,20,0.85,-32.76288559604347,1.1073613165261662
k-DPP,40,55,20,0.85,-32.23995463350244,1.1143848308645332
k-DPP,40,56,20,0.775,-31.742239693493442,1.2212845423584522
k-DPP,40,57,20,0.875,-32.459517652093105,1.0234450043401695
k-DPP,40,58,20,0.825,-30.296288944320445,1.151667979885236
k-DPP,40,59,20,0.925,-30.08465065283576,0.9549462889286056
k-DPP,40,60,20,0.875,-31.433208696468892,1.0454670557247812
k-DPP,40,61,20,0.725,-33.3792856705257,1.2601280757569755
k-DPP,40,62,20,0.925,-31.784073228522313,0.9045017244629406
k-DPP,40,63,20,0.825,-32.77296137636152,1.136379418399844
k-DPP,40,64,20,0.825,-30.756062704547222,1.1215676780796815
k-DPP,40,65,20,0.775,-31.440216251090863,1.2147944467194112
k-DPP,40,66,20,0.775,-32.02266012987301,1.2212845423584522
k-DPP,40,67,20,0.9,-31.1120919969346,0.9265066032895329
k-DPP,40,68,20,0.8,-31.699886001018776,1.173086737130507
k-DPP,40,69,20,0.775,-30.38147170807627,1.1546213996999617
k-DPP,40,70,20,0.725,-32.03106390224685,1.2446810063228948
k-DPP,40,71,20,0.875,-31.852996724879382,1.0670432111586647
k-DPP,40,72,20,0.775,-30.957884062608397,1.1432707328318967
k-DPP,40,73,20,0.85,-33.17458584716832,1.115856268365936
k-DPP,40,74,20,0.725,-31.434006537382604,1.2496272508444413
k-DPP,40,75,20,0.725,-31.696993068749425,1.2601280757569755
k-DPP,40,76,20,0.825,-33.329777927499514,1.151667979885236
k-DPP,40,77,20,0.825,-31.281284122466946,1.1069643736099237
k-DPP,40,78,20,0.825,-31.706126730551734,1.1368562395650734
k-DPP,40,79,20,0.825,-30.341827526655255,1.151667979885236
k-DPP,40,80,20,0.95,-30.490931040112915,0.8903460262836665
k-DPP,40,81,20,0.9,-30.58667915965459,1.0168405497299906
k-DPP,40,82,20,0.8,-32.0773787799232,1.153241118422672
k-DPP,40,83,20,0.7,-32.140592057138235,1.2580481453641945
k-DPP,40,84,20,0.8,-31.82743470344549,1.1809664369909507
k-DPP,40,85,20,0.7,-31.698946683189053,1.2852343430776518
k-DPP,40,86,20,0.875,-31.249687395389977,1.036865055811623
k-DPP,40,87,20,0.85,-33.25062782767179,1.0921047898339231
k-DPP,40,88,20,0.875,-31.06114344688896,1.064182169435859
k-DPP,40,89,20,0.925,-30.650226501378533,0.8908913577034254
k-DPP,40,90,20,0.675,-32.21060829874133,1.2948836677515692
k-DPP,40,91,20,0.65,-32.98407648659412,1.3350851650920204
k-DPP,40,92,20,0.775,-32.17306142305529,1.145205409188737
k-DPP,40,93,20,0.725,-31.61314135193054,1.2797469038967961
k-DPP,40,94,20,0.775,-33.75368646591397,1.2212845423584522
k-DPP,40,95,20,0.8,-31.918516242430034,1.1919860852527375
k-DPP,40,96,20,0.775,-31.9483133276495,1.2034437798513462
k-DPP,40,97,20,0.875,-31.631131932718997,0.9829167527825078
k-DPP,40,98,20,0.875,-29.9323348671468,1.0641821694358589
k-DPP,40,99,20,0.85,-32.218072145468035,1.078542266530246
k-DPP,40,0,30,0.6,-31.877354468165983,1.354653309514755
k-DPP,40,1,30,0.7,-31.039909569332877,1.299825308244313
k-DPP,40,2,30,0.625,-31.746352483631515,1.3533763335818898
k-DPP,40,3,30,0.675,-31.668762935272735,1.3145328001833665
k-DPP,40,4,30,0.725,-32.63162703097115,1.2670717118463555
k-DPP,40,5,30,0.7,-33.190885261350154,1.287814742102076
k-DPP,40,6,30,0.7,-29.967001519341082,1.2836285677315502
k-DPP,40,7,30,0.8,-32.44908888918665,1.1856692967723448
k-DPP,40,8,30,0.65,-32.86478077131609,1.3183841597261436
k-DPP,40,9,30,0.65,-32.6560525706091,1.332870876511696
k-DPP,40,10,30,0.7,-32.92512621809575,1.2708248384225362
k-DPP,40,11,30,0.575,-31.066127922664084,1.3678057098247929
k-DPP,40,12,30,0.75,-33.20306502600113,1.2353468116280646
k-DPP,40,13,30,0.6,-32.31527020940145,1.347208482128024
k-DPP,40,14,30,0.825,-30.720578482108074,1.136379418399844
k-DPP,40,15,30,0.675,-31.62568864136451,1.3033547178082423
k-DPP,40,16,30,0.7,-31.34368458165186,1.2980380723866656
k-DPP,40,17,30,0.65,-33.64644691831605,1.2798452500942772
k-DPP,40,18,30,0.825,-31.88356232599565,1.1307637755622766
k-DPP,40,19,30,0.725,-30.440944382594182,1.2797469038967961
k-DPP,40,20,30,0.675,-31.19050560287842,1.3033547178082423
k-DPP,40,21,30,0.6,-29.60327114787476,1.3661588475692017
k-DPP,40,22,30,0.65,-32.167488758114665,1.3241821248572836
k-DPP,40,23,30,0.675,-32.10988326735139,1.3223026511047082
k-DPP,40,24,30,0.675,-33.17877854034951,1.303354717808242
k-DPP,40,25,30,0.7,-28.380039416028666,1.2852343430776518
k-DPP,40,26,30,0.65,-32.817031090383544,1.2779202721425356
k-DPP,40,27,30,0.675,-33.28057111124545,1.3108205863739777
k-DPP,40,28,30,0.75,-33.77103840698242,1.2504484467910815
k-DPP,40,29,30,0.75,-31.255766736311713,1.1937701662999647
k-DPP,40,30,30,0.625,-30.556452144389148,1.3533763335818898
k-DPP,40,31,30,0.6,-31.36207274805786,1.3577864988281498
k-DPP,40,32,30,0.775,-31.722761475493037,1.2245159646384434
k-DPP,40,33,30,0.65,-30.18562461388653,1.2876716260045196
k-DPP,40,34,30,0.625,-31.721797561297237,1.3289621764262698
k-DPP,40,35,30,0.825,-32.87103862919527,1.1091960812904793
k-DPP,40,36,30,0.575,-31.763285433617597,1.3558011387542241
k-DPP,40,37,30,0.75,-32.78277841758022,1.2349116055524907
k-DPP,40,38,30,0.65,-32.561891884130425,1.3241821248572836
k-DPP,40,39,30,0.75,-31.191599583643367,1.2332437021178952
k-DPP,40,40,30,0.725,-30.427773010469235,1.2174740752396225
k-DPP,40,41,30,0.575,-32.09346398016381,1.369360801453809
k-DPP,40,42,30,0.75,-29.911580194847044,1.248780543356486
k-DPP,40,43,30,0.7,-32.36600863307531,1.2836285677315502
k-DPP,40,44,30,0.8,-32.22264237692089,1.161120818283116
k-DPP,40,45,30,0.6,-32.94389617573221,1.3609399069340555
k-DPP,40,46,30,0.65,-31.724002735012533,1.3241821248572836
k-DPP,40,47,30,0.75,-31.73120332576426,1.2437618852188477
k-DPP,40,48,30,0.75,-32.10062589826226,1.2332437021178952
k-DPP,40,49,30,0.725,-32.65253988953517,1.2762917646045535
k-DPP,40,50,30,0.8,-31.801737002592425,1.1809664369909507
k-DPP,40,51,30,0.8,-30.954744127320307,1.1856692967723448
k-DPP,40,52,30,0.65,-34.155790857471814,1.3057360242692195
k-DPP,40,53,30,0.65,-31.871590736643874,1.3241821248572836
k-DPP,40,54,30,0.725,-30.849471180018636,1.2797469038967961
k-DPP,40,55,30,0.825,-31.821824228842672,1.1547029362320347
k-DPP,40,56,30,0.725,-31.19078352001035,1.270526851138598
k-DPP,40,57,30,0.75,-34.69191265456855,1.253814421744158
k-DPP,40,58,30,0.65,-32.687326602755206,1.332870876511696
k-DPP,40,59,30,0.55,-31.711342350189756,1.3493656043083968
k-DPP,40,60,30,0.725,-30.996339170786463,1.2514063333491916
k-DPP,40,61,30,0.65,-30.82619743164019,1.3292871999608802
k-DPP,40,62,30,0.75,-32.68831214923848,1.161798369952034
k-DPP,40,63,30,0.75,-33.51048632503788,1.2437618852188477
k-DPP,40,64,30,0.775,-30.335680233945933,1.1917829421511372
k-DPP,40,65,30,0.65,-32.53548401231523,1.2948329840344832
k-DPP,40,66,30,0.7,-31.632080240944536,1.224068338005115
k-DPP,40,67,30,0.775,-30.814659132830975,1.145205409188737
k-DPP,40,68,30,0.675,-30.287021849152534,1.3185904372953194
k-DPP,40,69,30,0.675,-32.589180660357705,1.3185904372953194
k-DPP,40,70,30,0.675,-32.545313517994366,1.2735586526749767
k-DPP,40,71,30,0.7,-29.950284681704073,1.2968441295132072
k-DPP,40,72,30,0.6,-32.51226070909381,1.3451529218673648
k-DPP,40,73,30,0.725,-30.977601136208985,1.2797469038967961
k-DPP,40,74,30,0.65,-31.165807675986784,1.3241821248572836
k-DPP,40,75,30,0.65,-32.315014092683924,1.3057360242692195
k-DPP,40,76,30,0.725,-30.883516333099195,1.2670717118463555
k-DPP,40,77,30,0.8,-31.055554521903147,1.173086737130507
k-DPP,40,78,30,0.75,-30.993878896708424,1.2332437021178952
k-DPP,40,79,30,0.725,-31.04735238229746,1.2693481285151735
k-DPP,40,80,30,0.7,-32.63496680637771,1.2541813939702853
k-DPP,40,81,30,0.725,-31.142020523037036,1.2588473036026393
k-DPP,40,82,30,0.675,-32.51193520164609,1.3108205863739777
k-DPP,40,83,30,0.675,-31.03403431754173,1.3108205863739777
k-DPP,40,84,30,0.675,-31.120303068217655,1.3185904372953194
k-DPP,40,85,30,0.675,-32.12212480639975,1.3185904372953194
k-DPP,40,86,30,0.575,-31.287845689631546,1.3737224209213676
k-DPP,40,87,30,0.725,-33.46739346847168,1.2797469038967961
k-DPP,40,88,30,0.7,-32.36936727144984,1.287814742102076
k-DPP,40,89,30,0.7,-32.453538310983845,1.2580481453641945
k-DPP,40,90,30,0.875,-32.16092076439589,1.0641821694358589
k-DPP,40,91,30,0.825,-31.81205741154025,1.0168705000772613
k-DPP,40,92,30,0.7,-31.79980716283708,1.2852343430776518
k-DPP,40,93,30,0.825,-29.4517687678936,1.139891195911872
k-DPP,40,94,30,0.675,-31.841399689659493,1.2510753147429134
k-DPP,40,95,30,0.65,-33.308855514425964,1.3292871999608802
k-DPP,40,96,30,0.7,-32.916777048462784,1.299825308244313
k-DPP,40,97,30,0.7,-30.228101366887778,1.2629806359748503
k-DPP,40,98,30,0.575,-30.239966952540154,1.367805709824793
k-DPP,40,99,30,0.675,-32.05601352193427,1.2608316671473743
k-DPP,40,0,40,0.475,-30.460614551974217,1.3533763335818898
k-DPP,40,1,40,0.55,-31.648763872761773,1.367805709824793
k-DPP,40,2,40,0.725,-31.55192992685626,1.2693481285151735
k-DPP,40,3,40,0.75,-31.29222693063959,1.2437618852188477
k-DPP,40,4,40,0.55,-32.67246282254065,1.369360801453809
k-DPP,40,5,40,0.625,-32.061196889018795,1.3412917710314491
k-DPP,40,6,40,0.575,-29.78011461669419,1.310820586373978
k-DPP,40,7,40,0.625,-31.855967317337477,1.3426487384441863
k-DPP,40,8,40,0.425,-33.46421377004562,1.3737224209213676
k-DPP,40,9,40,0.65,-31.914775516638965,1.3183841597261436
k-DPP,40,10,40,0.575,-31.788536017688898,1.354653309514755
k-DPP,40,11,40,0.6,-31.153291864722487,1.3289621764262698
k-DPP,40,12,40,0.625,-31.61810257749968,1.3493656043083968
k-DPP,40,13,40,0.525,-31.41135980537455,1.3145328001833665
k-DPP,40,14,40,0.75,-33.670998322741895,1.1634662733866294
k-DPP,40,15,40,0.325,-32.93081525582942,1.3111245687295838
k-DPP,40,16,40,0.45,-30.817405598620248,1.3700815779706008
k-DPP,40,17,40,0.55,-32.68359915487151,1.369360801453809
k-DPP,40,18,40,0.6,-31.70901265782085,1.2845384366911246
k-DPP,40,19,40,0.475,-30.917636297991407,1.346659467717679
k-DPP,40,20,40,0.5,-29.51524912713839,1.3812859942735338
k-DPP,40,21,40,0.45,-33.43961571809142,1.3785024724903538
k-DPP,40,22,40,0.675,-31.98805521613872,1.3185904372953194
k-DPP,40,23,40,0.775,-31.693101377248954,1.1917829421511372
k-DPP,40,24,40,0.625,-31.63944369320687,1.3533763335818898
k-DPP,40,25,40,0.5,-29.705455627100566,1.3812859942735338
k-DPP,40,26,40,0.65,-30.74388823109967,1.3057360242692195
k-DPP,40,27,40,0.525,-32.236014391103375,1.3737224209213679
k-DPP,40,28,40,0.6,-31.230582823838972,1.347208482128024
k-DPP,40,29,40,0.5,-31.209772207428955,1.35337633358189
k-DPP,40,30,40,0.675,-31.316513662244404,1.3033547178082423
k-DPP,40,31,40,0.7,-31.880804413879925,1.2294484552490994
k-DPP,40,32,40,0.625,-32.72034664021312,1.3493656043083968
k-DPP,40,33,40,0.5,-33.16156009747948,1.3837901776967123
k-DPP,40,34,40,0.475,-31.48269907245608,1.3785024724903538
k-DPP,40,35,40,0.45,-31.252049773210693,1.3609399069340558
k-DPP,40,36,40,0.575,-35.71666330035898,1.3737224209213676
k-DPP,40,37,40,0.625,-31.168495834418554,1.3533763335818898
k-DPP,40,38,40,0.675,-31.322335436966924,1.2845384366911246
k-DPP,40,39,40,0.525,-31.81255014765661,1.363025658255807
k-DPP,40,40,40,0.7,-34.04388041307623,1.2926579551426813
k-DPP,40,41,40,0.6,-30.405612830797317,1.363025658255807
k-DPP,40,42,40,0.625,-31.96605110098525,1.3493656043083968
k-DPP,40,43,40,0.55,-30.12430256911615,1.3785024724903538
k-DPP,40,44,40,0.7,-31.3869880635376,1.2798542258336676
k-DPP,40,45,40,0.55,-31.732014820544386,1.3762266043445464
k-DPP,40,46,40,0.525,-31.81747602108263,1.369360801453809
k-DPP,40,47,40,0.7,-31.392044332448915,1.2312356911067466
k-DPP,40,48,40,0.65,-31.303665920245933,1.337010143043762
k-DPP,40,49,40,0.475,-32.060396122107406,1.3785024724903538
k-DPP,40,50,40,0.75,-32.117103465869924,1.2504484467910815
k-DPP,40,51,40,0.6,-32.68237962609913,1.3321790402101223
k-DPP,40,52,40,0.525,-31.623595796947424,1.3514395192866653
k-DPP,40,53,40,0.55,-32.16088146316794,1.3440752928146291
k-DPP,40,54,40,0.6,-31.861046553892827,1.3514395192866653
k-DPP,40,55,40,0.675,-30.131826220347115,1.3033547178082423
k-DPP,40,56,40,0.575,-33.08462822995405,1.3108205863739777
k-DPP,40,57,40,0.575,-31.361729069302474,1.3057360242692195
k-DPP,40,58,40,0.625,-31.418983755442277,1.3493656043083968
k-DPP,40,59,40,0.625,-33.73592357529968,1.3086424230146005
k-DPP,40,60,40,0.55,-31.78248586232346,1.346659467717679
k-DPP,40,61,40,0.625,-30.860140464920697,1.3533763335818898
k-DPP,40,62,40,0.775,-31.335814933085405,1.2245159646384434
k-DPP,40,63,40,0.45,-31.022416901397353,1.3493656043083968
k-DPP,40,64,40,0.625,-32.04111464291319,1.3493656043083968
k-DPP,40,65,40,0.575,-30.064497560423682,1.3605700206113298
k-DPP,40,66,40,0.575,-31.79472137167912,1.341291771031449
k-DPP,40,67,40,0.55,-32.846082017820294,1.3785024724903538
k-DPP,40,68,40,0.675,-30.98406868727546,1.2845384366911246
k-DPP,40,69,40,0.55,-31.709379745909658,1.3195454632493369
k-DPP,40,70,40,0.525,-32.680035512831054,1.354653309514755
k-DPP,40,71,40,0.65,-31.34501831262174,1.3292871999608802
k-DPP,40,72,40,0.625,-30.333838694320647,1.2912553025553353
k-DPP,40,73,40,0.45,-32.129668211994854,1.379010126127726
k-DPP,40,74,40,0.65,-32.232718684953085,1.3350851650920204
k-DPP,40,75,40,0.55,-31.08302856877976,1.3721443232369888
k-DPP,40,76,40,0.725,-31.66757437797155,1.1531446897925988
k-DPP,40,77,40,0.55,-32.80807529955427,1.3762266043445464
k-DPP,40,78,40,0.55,-31.92716793377169,1.3605700206113298
k-DPP,40,79,40,0.55,-34.19236066459231,1.367805709824793
k-DPP,40,80,40,0.6,-30.934737987995657,1.3577864988281498
k-DPP,40,81,40,0.65,-32.34278938578609,1.332870876511696
k-DPP,40,82,40,0.475,-31.481415533263682,1.346659467717679
k-DPP,40,83,40,0.55,-33.14143308755094,1.3762266043445464
k-DPP,40,84,40,0.6,-32.98299480493591,1.35778649882815
k-DPP,40,85,40,0.525,-32.3620662938826,1.3630256582558071
k-DPP,40,86,40,0.55,-31.819159215882863,1.3700815779706006
k-DPP,40,87,40,0.475,-32.54175883382574,1.3241821248572838
k-DPP,40,88,40,0.625,-33.42196709144541,1.3493656043083968
k-DPP,40,89,40,0.6,-31.632129924473187,1.3183841597261436
k-DPP,40,90,40,0.625,-31.411703863952226,1.2708248384225362
k-DPP,40,91,40,0.55,-30.626287237658556,1.3762266043445461
k-DPP,40,92,40,0.6,-31.951878812148582,1.3451529218673648
k-DPP,40,93,40,0.725,-30.668844980218935,1.2797469038967961
k-DPP,40,94,40,0.575,-31.056861455910646,1.347208482128024
k-DPP,40,95,40,0.65,-31.703614586163194,1.338668841642836
k-DPP,40,96,40,0.575,-31.626557897506473,1.3558011387542241
k-DPP,40,97,40,0.525,-31.93153293930256,1.379010126127726
k-DPP,40,98,40,0.525,-30.950914986486854,1.363025658255807
k-DPP,40,99,40,0.5,-33.48217550118907,1.3762266043445461
k-DPP,40,0,50,0.5,-31.6768694823712,1.366158847569202
k-DPP,40,1,50,0.625,-32.156945620254525,1.3329729056997628
k-DPP,40,2,50,0.425,-31.08806105412667,1.355801138754224
k-DPP,40,3,50,0.575,-32.18981999420559,1.3292871999608802
k-DPP,40,4,50,0.575,-30.726414819489683,1.369360801453809
k-DPP,40,5,50,0.55,-33.06395411081184,1.3350851650920201
k-DPP,40,6,50,0.475,-32.00872148862676,1.3640730962474505
k-DPP,40,7,50,0.475,-31.765543875715366,1.346659467717679
k-DPP,40,8,50,0.65,-32.75518330089478,1.3350851650920204
k-DPP,40,9,50,0.55,-32.726547388939665,1.3785024724903538
k-DPP,40,10,50,0.525,-31.160590342178338,1.3737224209213679
k-DPP,40,11,50,0.45,-31.87442804445621,1.3700815779706006
k-DPP,40,12,50,0.425,-32.05555391688952,1.3634440903572342
k-DPP,40,13,50,0.425,-32.02508980504436,1.3546533095147553
k-DPP,40,14,50,0.475,-31.102041064104167,1.3785024724903538
k-DPP,40,15,50,0.4,-32.610573957905274,1.3440752928146291
k-DPP,40,16,50,0.625,-33.656687151418396,1.2845384366911248
k-DPP,40,17,50,0.45,-30.485551955633373,1.3785024724903538
k-DPP,40,18,50,0.5,-31.380327072662368,1.366158847569202
k-DPP,40,19,50,0.425,-32.84345699580853,1.367805709824793
k-DPP,40,20,50,0.325,-31.438277062813892,1.2608316671473743
k-DPP,40,21,50,0.55,-32.31004704392942,1.346659467717679
k-DPP,40,22,50,0.425,-31.773846668214794,1.3737224209213679
k-DPP,40,23,50,0.55,-32.2107196121333,1.369360801453809
k-DPP,40,24,50,0.425,-31.40328155464029,1.3412917710314491
k-DPP,40,25,50,0.6,-32.313809416518815,1.3514395192866653
k-DPP,40,26,50,0.475,-30.947783647547936,1.3737224209213679
k-DPP,40,27,50,0.55,-32.909555282465405,1.369360801453809
k-DPP,40,28,50,0.6,-32.43131897151774,1.35778649882815
k-DPP,40,29,50,0.45,-30.42343230615304,1.3440752928146291
k-DPP,40,30,50,0.475,-33.08305438965957,1.3640730962474505
k-DPP,40,31,50,0.5,-31.450155476479146,1.3223026511047085
k-DPP,40,32,50,0.525,-31.796808895867773,1.3630256582558071
k-DPP,40,33,50,0.525,-31.47691193083805,1.354653309514755
k-DPP,40,34,50,0.55,-31.762226287181708,1.3350851650920201
k-DPP,40,35,50,0.45,-30.95016371156679,1.3493656043083968
k-DPP,40,36,50,0.45,-30.33132053418844,1.3609399069340558
k-DPP,40,37,50,0.525,-30.541073149391703,1.367805709824793
k-DPP,40,38,50,0.475,-31.969494403983735,1.3737224209213676
k-DPP,40,39,50,0.525,-32.3440239648304,1.3785024724903538
k-DPP,40,40,50,0.525,-30.054971720739406,1.3493656043083968
k-DPP,40,41,50,0.425,-30.64033394364406,1.3472084821280237
k-DPP,40,42,50,0.55,-32.45175025077955,1.369360801453809
k-DPP,40,43,50,0.525,-32.03398209715628,1.2504484467910815
k-DPP,40,44,50,0.575,-32.76447133194336,1.369360801453809
k-DPP,40,45,50,0.625,-31.354209027656584,1.3345749051672384
k-DPP,40,46,50,0.55,-31.566569276818807,1.3350851650920201
k-DPP,40,47,50,0.575,-33.09048665393036,1.3290458508967276
k-DPP,40,48,50,0.5,-31.778401815071557,1.3737224209213679
k-DPP,40,49,50,0.425,-32.39802248069999,1.367805709824793
k-DPP,40,50,50,0.6,-31.094292590338668,1.354653309514755
k-DPP,40,51,50,0.5,-31.30146297045965,1.3350851650920204
k-DPP,40,52,50,0.4,-31.053045673413717,1.299819313172645
k-DPP,40,53,50,0.55,-31.375179850698654,1.3111245687295838
k-DPP,40,54,50,0.575,-31.3071938989211,1.3241821248572838
k-DPP,40,55,50,0.5,-33.78797607642728,1.3812859942735338
k-DPP,40,56,50,0.425,-31.898546074136853,1.3111245687295836
k-DPP,40,57,50,0.45,-30.3437588619673,1.3700815779706006
k-DPP,40,58,50,0.4,-31.57404828134895,1.2798452500942774
k-DPP,40,59,50,0.525,-30.694231081409594,1.3630256582558071
k-DPP,40,60,50,0.5,-32.63775318949283,1.3737224209213679
k-DPP,40,61,50,0.5,-31.35822102825998,1.3812859942735338
k-DPP,40,62,50,0.45,-31.784666599367725,1.3785024724903538
k-DPP,40,63,50,0.5,-31.897036673268275,1.366158847569202
k-DPP,40,64,50,0.625,-29.690497941105402,1.3223289850325168
k-DPP,40,65,50,0.6,-33.98227887165921,1.35778649882815
k-DPP,40,66,50,0.5,-32.94518410385515,1.3108205863739777
k-DPP,40,67,50,0.55,-33.708277327097555,1.3762266043445461
k-DPP,40,68,50,0.475,-31.117198861434048,1.379010126127726
k-DPP,40,69,50,0.525,-31.963288641897382,1.3785024724903538
k-DPP,40,70,50,0.425,-32.09851868742537,1.367805709824793
k-DPP,40,71,50,0.475,-32.644938796175246,1.3533763335818898
k-DPP,40,72,50,0.55,-33.695287011366524,1.369360801453809
k-DPP,40,73,50,0.55,-31.91255094708,1.3700815779706006
k-DPP,40,74,50,0.525,-32.749035166829174,1.367805709824793
k-DPP,40,75,50,0.675,-31.088506896159384,1.3145328001833665
k-DPP,40,76,50,0.35,-31.82511033639583,1.3195454632493369
k-DPP,40,77,50,0.625,-33.41877796565772,1.3345749051672384
k-DPP,40,78,50,0.45,-32.15065767657584,1.3493656043083968
k-DPP,40,79,50,0.625,-33.83710289532179,1.3493656043083968
k-DPP,40,80,50,0.475,-31.305502451722596,1.3737224209213679
k-DPP,40,81,50,0.525,-30.711996620984216,1.3533763335818898
k-DPP,40,82,50,0.5,-34.31970122147555,1.3737224209213679
k-DPP,40,83,50,0.425,-31.781609453596403,1.351439519286665
k-DPP,40,84,50,0.45,-32.16704678891316,1.3558011387542241
k-DPP,40,85,50,0.475,-32.90622883638603,1.337010143043762
k-DPP,40,86,50,0.425,-30.8862528059614,1.3737224209213676
k-DPP,40,87,50,0.425,-32.16459768649977,1.36057002061133
k-DPP,40,88,50,0.45,-30.709387842872758,1.3762266043445464
k-DPP,40,89,50,0.575,-33.06369106558065,1.1924368463536412
k-DPP,40,90,50,0.55,-33.87368614796434,1.3700815779706006
k-DPP,40,91,50,0.575,-32.48623526855348,1.369360801453809
k-DPP,40,92,50,0.625,-33.17164646099335,1.3426487384441863
k-DPP,40,93,50,0.45,-31.167436550376326,1.332870876511696
k-DPP,40,94,50,0.425,-32.362634357128826,1.3634440903572342
k-DPP,40,95,50,0.425,-31.79442301087724,1.367805709824793
k-DPP,40,96,50,0.575,-31.42260692091198,1.3634440903572342
k-DPP,40,97,50,0.6,-31.69433538643557,1.3609399069340555
k-DPP,40,98,50,0.475,-31.21929371906079,1.3514395192866653
k-DPP,40,99,50,0.5,-30.976817759091638,1.35337633358189
P-DPP,40,0,10,0.5,-33.77640609078495,1.363444090357234
P-DPP,40,1,10,0.5,-32.70078333288607,1.3737224209213679
P-DPP,40,2,10,0.5,-32.05245026290469,1.363444090357234
P-DPP,40,3,10,0.5,-32.173165760004046,1.3737224209213679
P-DPP,40,4,10,0.5,-33.043299851117105,1.3837901776967123
P-DPP,40,5,10,0.5,-30.36691814853304,1.3737224209213679
P-DPP,40,6,10,0.5,-33.354177834841444,1.3762266043445461
P-DPP,40,7,10,0.5,-33.23258187958672,1.3862943611198906
P-DPP,40,8,10,0.5,-31.893141542351735,1.3837901776967123
P-DPP,40,9,10,0.5,-32.72098427802197,1.3737224209213679
P-DPP,40,10,10,0.5,-34.04839041604897,1.3812859942735338
P-DPP,40,11,10,0.5,-30.581662776786015,1.366158847569202
P-DPP,40,12,10,0.5,-32.4285151956762,1.366158847569202
P-DPP,40,13,10,0.5,-32.03840256290191,1.366158847569202
P-DPP,40,14,10,0.5,-32.514080269537224,1.3812859942735338
P-DPP,40,15,10,0.5,-31.729225500477888,1.3405938195945777
P-DPP,40,16,10,0.5,-31.28100443716255,1.3634440903572342
P-DPP,40,17,10,0.5,-33.258995679929214,1.366158847569202
P-DPP,40,18,10,0.5,-31.574513574986803,1.3737224209213679
P-DPP,40,19,10,0.5,-31.4216982693375,1.360939906934056
P-DPP,40,20,10,0.5,-31.495787812181348,1.3812859942735338
P-DPP,40,21,10,0.5,-31.389926215028588,1.3737224209213679
P-DPP,40,22,10,0.5,-32.30032418000478,1.35337633358189
P-DPP,40,23,10,0.5,-31.15055539726804,1.3737224209213679
P-DPP,40,24,10,0.5,-32.295287956964664,1.3762266043445464
P-DPP,40,25,10,0.5,-32.237146405826444,1.3350851650920204
P-DPP,40,26,10,0.5,-32.09977000700126,1.3737224209213679
P-DPP,40,27,10,0.5,-32.67352452658553,1.3737224209213679
P-DPP,40,28,10,0.5,-31.772332100785583,1.3609399069340555
P-DPP,40,29,10,0.5,-32.09173135333597,1.35337633358189
P-DPP,40,30,10,0.5,-31.382791090055694,1.3762266043445461
P-DPP,40,31,10,0.5,-33.97190419296792,1.383790177696712
P-DPP,40,32,10,0.5,-32.45448971254619,1.3812859942735338
P-DPP,40,33,10,0.5,-31.863529292902868,1.3426487384441863
P-DPP,40,34,10,0.5,-31.85754475032418,1.3812859942735338
P-DPP,40,35,10,0.5,-33.011663062084665,1.366158847569202
P-DPP,40,36,10,0.5,-31.488163891606334,1.3451529218673646
P-DPP,40,37,10,0.5,-32.060578599051055,1.3737224209213679
P-DPP,40,38,10,0.5,-31.038608403528784,1.3634440903572342
P-DPP,40,39,10,0.5,-32.43566685718264,1.3737224209213679
P-DPP,40,40,10,0.5,-31.677891683598208,1.3737224209213679
P-DPP,40,41,10,0.5,-33.65448619324714,1.3812859942735338
P-DPP,40,42,10,0.5,-31.445538978561213,1.3762266043445461
P-DPP,40,43,10,0.5,-32.6048661988713,1.363444090357234
P-DPP,40,44,10,0.5,-32.94459011177778,1.3812859942735338
P-DPP,40,45,10,0.5,-31.53776105775269,1.3812859942735338
P-DPP,40,46,10,0.5,-32.76047749551813,1.3837901776967123
P-DPP,40,47,10,0.5,-33.62095180406238,1.3737224209213679
P-DPP,40,48,10,0.5,-32.47326671353929,1.3812859942735338
P-DPP,40,49,10,0.5,-33.66410507545827,1.3609399069340555
P-DPP,40,50,10,0.5,-32.25295624681332,1.366158847569202
P-DPP,40,51,10,0.5,-32.284012915286795,1.3737224209213679
P-DPP,40,52,10,0.5,-31.747537087092347,1.3609399069340555
P-DPP,40,53,10,0.5,-32.97234319553989,1.3812859942735338
P-DPP,40,54,10,0.5,-33.28604871686042,1.3426487384441863
P-DPP,40,55,10,0.5,-31.958717595686792,1.383790177696712
P-DPP,40,56,10,0.5,-31.026988399497952,1.35337633358189
P-DPP,40,57,10,0.5,-33.16537717666327,1.360939906934056
P-DPP,40,58,10,0.5,-33.08569505791722,1.3812859942735338
P-DPP,40,59,10,0.5,-33.10078818345802,1.3609399069340555
P-DPP,40,60,10,0.5,-32.523600531729414,1.3737224209213679
P-DPP,40,61,10,0.5,-32.13267010421429,1.3762266043445464
P-DPP,40,62,10,0.5,-33.27071014088049,1.366158847569202
P-DPP,40,63,10,0.5,-31.445590992358557,1.3533763335818898
P-DPP,40,64,10,0.5,-32.73679729975022,1.3812859942735338
P-DPP,40,65,10,0.5,-31.420023732279407,1.360939906934056
P-DPP,40,66,10,0.5,-32.575982193616035,1.3737224209213679
P-DPP,40,67,10,0.5,-31.916586673396342,1.3862943611198906
P-DPP,40,68,10,0.5,-32.443034439294756,1.3609399069340555
P-DPP,40,69,10,0.5,-34.21233902217401,1.3108205863739777
P-DPP,40,70,10,0.5,-31.602678412619227,1.366158847569202
P-DPP,40,71,10,0.5,-31.976859475910317,1.3837901776967123
P-DPP,40,72,10,0.5,-33.232407210274864,1.360939906934056
P-DPP,40,73,10,0.5,-31.613982857151292,1.3737224209213679
P-DPP,40,74,10,0.5,-31.18930926544752,1.3405938195945777
P-DPP,40,75,10,0.5,-32.73526622274859,1.3837901776967123
P-DPP,40,76,10,0.5,-31.60698795420835,1.3837901776967123
P-DPP,40,77,10,0.5,-32.0443286176472,1.3737224209213679
P-DPP,40,78,10,0.5,-33.146607928568606,1.3837901776967123
P-DPP,40,79,10,0.5,-33.11178494515385,1.3533763335818898
P-DPP,40,80,10,0.5,-31.849109977332805,1.3737224209213679
P-DPP,40,81,10,0.5,-33.248329583821196,1.3812859942735338
P-DPP,40,82,10,0.5,-33.41519703904635,1.3812859942735338
P-DPP,40,83,10,0.5,-32.72957017535704,1.3837901776967123
P-DPP,40,84,10,0.5,-32.584063456041044,1.3762266043445464
P-DPP,40,85,10,0.5,-32.78568919004901,1.3609399069340555
P-DPP,40,86,10,0.5,-30.846371254632462,1.366158847569202
P-DPP,40,87,10,0.5,-32.042469826650986,1.3737224209213679
P-DPP,40,88,10,0.5,-32.122944929837395,1.360939906934056
P-DPP,40,89,10,0.5,-32.684369969306275,1.3737224209213679
P-DPP,40,90,10,0.5,-32.22549843723033,1.3737224209213679
P-DPP,40,91,10,0.5,-32.016191513135254,1.3737224209213679
P-DPP,40,92,10,0.5,-31.976680691820306,1.3762266043445461
P-DPP,40,93,10,0.5,-30.688093304519626,1.3812859942735338
P-DPP,40,94,10,0.5,-31.615120260781552,1.3762266043445461
P-DPP,40,95,10,0.5,-31.65330836473935,1.383790177696712
P-DPP,40,96,10,0.5,-32.6994872727043,1.3812859942735338
P-DPP,40,97,10,0.5,-32.41388006356727,1.3862943611198906
P-DPP,40,98,10,0.5,-31.795849679010843,1.3737224209213679
P-DPP,40,99,10,0.5,-33.02196973992126,1.3812859942735338
P-DPP,40,0,20,0.5,-32.22361712334794,1.3762266043445464
P-DPP,40,1,20,0.5,-32.88035526131806,1.383790177696712
P-DPP,40,2,20,0.5,-32.29078961305721,1.3737224209213679
P-DPP,40,3,20,0.5,-32.05326884954188,1.366158847569202
P-DPP,40,4,20,0.5,-30.670136070596893,1.3812859942735338
P-DPP,40,5,20,0.5,-32.305093540693655,1.3426487384441863
P-DPP,40,6,20,0.5,-31.5674436115858,1.3426487384441863
P-DPP,40,7,20,0.5,-31.966475532341967,1.3837901776967123
P-DPP,40,8,20,0.5,-31.39826970370889,1.366158847569202
P-DPP,40,9,20,0.5,-32.47898610536691,1.3762266043445461
P-DPP,40,10,20,0.5,-31.82379311870559,1.3812859942735338
P-DPP,40,11,20,0.5,-33.08517107757761,1.3837901776967123
P-DPP,40,12,20,0.5,-33.09534116724848,1.3208883431493221
P-DPP,40,13,20,0.5,-31.784437250818474,1.3762266043445464
P-DPP,40,14,20,0.5,-32.06427518839626,1.3426487384441863
P-DPP,40,15,20,0.5,-31.739895925610394,1.366158847569202
P-DPP,40,16,20,0.5,-32.70563969085932,1.3762266043445464
P-DPP,40,17,20,0.5,-34.88288042242294,1.3737224209213679
P-DPP,40,18,20,0.5,-31.16409855627827,1.366158847569202
P-DPP,40,19,20,0.5,-31.409611982806265,1.3533763335818898
P-DPP,40,20,20,0.5,-31.266772462672037,1.383790177696712
P-DPP,40,21,20,0.5,-32.580985494185775,1.3812859942735338
P-DPP,40,22,20,0.5,-31.469588377739917,1.3533763335818898
P-DPP,40,23,20,0.5,-32.89831961232552,1.383790177696712
P-DPP,40,24,20,0.5,-30.590104552415188,1.366158847569202
P-DPP,40,25,20,0.5,-32.02685114121893,1.366158847569202
P-DPP,40,26,20,0.5,-31.670474935159966,1.366158847569202
P-DPP,40,27,20,0.5,-32.69901532186631,1.3737224209213679
P-DPP,40,28,20,0.5,-33.18831968290238,1.3812859942735338
P-DPP,40,29,20,0.5,-32.61478604135277,1.3737224209213679
P-DPP,40,30,20,0.5,-29.732808827901422,1.3223026511047085
P-DPP,40,31,20,0.5,-33.91091832618834,1.3812859942735338
P-DPP,40,32,20,0.5,-30.936555558967132,1.366158847569202
P-DPP,40,33,20,0.5,-31.905940925101127,1.3634440903572342
P-DPP,40,34,20,0.5,-30.8443706304984,1.3812859942735338
P-DPP,40,35,20,0.5,-31.16134175131624,1.3837901776967123
P-DPP,40,36,20,0.5,-32.34564592946015,1.3762266043445464
P-DPP,40,37,20,0.5,-32.244826315641454,1.360939906934056
P-DPP,40,38,20,0.5,-32.22197666193652,1.3812859942735338
P-DPP,40,39,20,0.5,-31.156216977520938,1.3737224209213679
P-DPP,40,40,20,0.5,-32.37401236461872,1.3812859942735338
P-DPP,40,41,20,0.5,-33.52850350484689,1.3812859942735338
P-DPP,40,42,20,0.5,-31.510954686529384,1.3533763335818898
P-DPP,40,43,20,0.5,-31.953216865698252,1.360939906934056
P-DPP,40,44,20,0.5,-31.913817685678328,1.3609399069340555
P-DPP,40,45,20,0.5,-33.044983010664325,1.3426487384441863
P-DPP,40,46,20,0.5,-31.705891895313368,1.2980380723866656
P-DPP,40,47,20,0.5,-30.641921535059105,1.3350851650920204
P-DPP,40,48,20,0.5,-32.24122444937733,1.3762266043445461
P-DPP,40,49,20,0.5,-31.845391853199818,1.3737224209213679
P-DPP,40,50,20,0.5,-32.02080030031891,1.320888343149322
P-DPP,40,51,20,0.5,-33.403274934923445,1.3812859942735338
P-DPP,40,52,20,0.5,-31.77316836544904,1.3837901776967123
P-DPP,40,53,20,0.5,-30.725821702054876,1.3762266043445464
P-DPP,40,54,20,0.5,-33.02757159081035,1.3533763335818898
P-DPP,40,55,20,0.5,-32.2428949622798,1.3609399069340555
P-DPP,40,56,20,0.5,-32.438322766873725,1.3837901776967123
P-DPP,40,57,20,0.5,-31.005602515706503,1.3426487384441863
P-DPP,40,58,20,0.5,-32.28610223463362,1.3762266043445461
P-DPP,40,59,20,0.5,-32.2480422200193,1.3737224209213679
P-DPP,40,60,20,0.5,-32.068778295753134,1.3737224209213679
P-DPP,40,61,20,0.5,-31.60005370017591,1.3405938195945777
P-DPP,40,62,20,0.5,-33.025680883939245,1.3862943611198906
P-DPP,40,63,20,0.5,-31.30875254707534,1.3350851650920204
P-DPP,40,64,20,0.5,-32.272917428697205,1.360939906934056
P-DPP,40,65,20,0.5,-33.017343182134105,1.3737224209213679
P-DPP,40,66,20,0.5,-32.56508898701651,1.363444090357234
P-DPP,40,67,20,0.5,-33.86689863598214,1.3737224209213679
P-DPP,40,68,20,0.5,-31.286848701556703,1.3737224209213679
P-DPP,40,69,20,0.5,-32.188932444347905,1.3426487384441863
P-DPP,40,70,20,0.5,-31.876982150766455,1.383790177696712
P-DPP,40,71,20,0.5,-31.06948308209551,1.3634440903572342
P-DPP,40,72,20,0.5,-33.03651414790021,1.3837901776967123
P-DPP,40,73,20,0.5,-32.00079334801151,1.3533763335818898
P-DPP,40,74,20,0.5,-32.692103200063855,1.35337633358189
P-DPP,40,75,20,0.5,-31.556192613539064,1.3350851650920204
P-DPP,40,76,20,0.5,-32.24125139812909,1.3837901776967123
P-DPP,40,77,20,0.5,-32.450864542993145,1.3350851650920204
P-DPP,40,78,20,0.5,-30.272922112239343,1.3737224209213679
P-DPP,40,79,20,0.5,-33.72459700779052,1.35337633358189
P-DPP,40,80,20,0.5,-31.94817711836815,1.3812859942735338
P-DPP,40,81,20,0.5,-32.02683295008935,1.3451529218673646
P-DPP,40,82,20,0.5,-32.77756750229826,1.3737224209213679
P-DPP,40,83,20,0.5,-32.58525694942939,1.3837901776967123
P-DPP,40,84,20,0.5,-31.740343067235372,1.3812859942735338
P-DPP,40,85,20,0.5,-32.04132566775995,1.3837901776967123
P-DPP,40,86,20,0.5,-31.503404709299957,1.3812859942735338
P-DPP,40,87,20,0.5,-31.267261090440503,1.3405938195945777
P-DPP,40,88,20,0.5,-31.235973759074206,1.3350851650920204
P-DPP,40,89,20,0.5,-31.76155803629843,1.366158847569202
P-DPP,40,90,20,0.5,-32.14803784409807,1.3183841597261436
P-DPP,40,91,20,0.5,-32.02329410265797,1.3812859942735338
P-DPP,40,92,20,0.5,-31.225515551178116,1.3426487384441863
P-DPP,40,93,20,0.5,-29.766855646553793,1.366158847569202
P-DPP,40,94,20,0.5,-32.542024440473185,1.3737224209213679
P-DPP,40,95,20,0.5,-32.69623913193326,1.360939906934056
P-DPP,40,96,20,0.5,-31.322333585113277,1.3737224209213679
P-DPP,40,97,20,0.5,-31.84634010676687,1.3812859942735338
P-DPP,40,98,20,0.5,-32.02709043021847,1.3862943611198906
P-DPP,40,99,20,0.5,-33.61973364966047,1.360939906934056
P-DPP,40,0,30,0.5,-32.139547640877275,1.3837901776967123
P-DPP,40,1,30,0.5,-32.90124637042396,1.3634440903572342
P-DPP,40,2,30,0.5,-31.971860825761144,1.3812859942735338
P-DPP,40,3,30,0.5,-32.95092849143052,1.3837901776967123
P-DPP,40,4,30,0.5,-33.16570918711586,1.3837901776967123
P-DPP,40,5,30,0.5,-32.07855418787479,1.3223026511047085
P-DPP,40,6,30,0.5,-31.70899106819822,1.3609399069340555
P-DPP,40,7,30,0.5,-31.10099321551972,1.366158847569202
P-DPP,40,8,30,0.5,-31.132784901641454,1.3812859942735338
P-DPP,40,9,30,0.5,-32.55070455286372,1.3812859942735338
P-DPP,40,10,30,0.5,-33.32837427764118,1.3837901776967123
P-DPP,40,11,30,0.5,-32.76586892628927,1.3634440903572342
P-DPP,40,12,30,0.5,-32.88564967033747,1.366158847569202
P-DPP,40,13,30,0.5,-31.40982512033025,1.360939906934056
P-DPP,40,14,30,0.5,-32.02302029267159,1.3609399069340555
P-DPP,40,15,30,0.5,-33.15847623965317,1.3634440903572342
P-DPP,40,16,30,0.5,-32.513404190768036,1.3426487384441863
P-DPP,40,17,30,0.5,-32.76467349459465,1.3426487384441863
P-DPP,40,18,30,0.5,-32.46323428904986,1.360939906934056
P-DPP,40,19,30,0.5,-33.082967054173395,1.3426487384441863
P-DPP,40,20,30,0.5,-32.43790867532429,1.35337633358189
P-DPP,40,21,30,0.5,-32.80890181998156,1.3737224209213679
P-DPP,40,22,30,0.5,-31.269430807576583,1.383790177696712
P-DPP,40,23,30,0.5,-33.20237939118454,1.3634440903572342
P-DPP,40,24,30,0.5,-31.269884531587923,1.3762266043445464
P-DPP,40,25,30,0.5,-29.161385935421713,1.3837901776967123
P-DPP,40,26,30,0.5,-32.26232693113587,1.3812859942735338
P-DPP,40,27,30,0.5,-31.969161682060292,1.3183841597261439
P-DPP,40,28,30,0.5,-31.571805461244587,1.3350851650920204
P-DPP,40,29,30,0.5,-31.52182504201253,1.3837901776967123
P-DPP,40,30,30,0.5,-32.060702500683625,1.3426487384441863
P-DPP,40,31,30,0.5,-31.589171248477705,1.3762266043445464
P-DPP,40,32,30,0.5,-32.16425398025647,1.3609399069340555
P-DPP,40,33,30,0.5,-33.236631022251096,1.3812859942735338
P-DPP,40,34,30,0.5,-31.597535517537686,1.3837901776967123
P-DPP,40,35,30,0.5,-31.660756093160806,1.363444090357234
P-DPP,40,36,30,0.5,-32.41648187626577,1.3737224209213679
P-DPP,40,37,30,0.5,-30.612220809300947,1.3183841597261436
P-DPP,40,38,30,0.5,-31.7084182568027,1.383790177696712
P-DPP,40,39,30,0.5,-33.15927118551593,1.3533763335818898
P-DPP,40,40,30,0.5,-32.22017385159554,1.3405938195945777
P-DPP,40,41,30,0.5,-32.92645977675686,1.3837901776967123
P-DPP,40,42,30,0.5,-31.133326090700113,1.3812859942735338
P-DPP,40,43,30,0.5,-32.747691019862465,1.3812859942735338
P-DPP,40,44,30,0.5,-32.359901760340044,1.3762266043445461
P-DPP,40,45,30,0.5,-32.55346202039967,1.3837901776967123
P-DPP,40,46,30,0.5,-32.53176757007308,1.3426487384441863
P-DPP,40,47,30,0.5,-30.393488358127765,1.3812859942735338
P-DPP,40,48,30,0.5,-30.69456813560934,1.3609399069340555
P-DPP,40,49,30,0.5,-30.778955738640903,1.3426487384441863
P-DPP,40,50,30,0.5,-31.552372014070336,1.3737224209213679
P-DPP,40,51,30,0.5,-32.95223507415844,1.3426487384441863
P-DPP,40,52,30,0.5,-31.925516118412673,1.3837901776967123
P-DPP,40,53,30,0.5,-31.631925347902097,1.3762266043445461
P-DPP,40,54,30,0.5,-30.68499651621966,1.3737224209213679
P-DPP,40,55,30,0.5,-31.68260072521994,1.3812859942735338
P-DPP,40,56,30,0.5,-33.031599190117426,1.3183841597261436
P-DPP,40,57,30,0.5,-31.538218160107085,1.366158847569202
P-DPP,40,58,30,0.5,-32.071259227562194,1.360939906934056
P-DPP,40,59,30,0.5,-30.672517430721033,1.3451529218673648
P-DPP,40,60,30,0.5,-31.401990500463814,1.3737224209213679
P-DPP,40,61,30,0.5,-31.776002999276198,1.363444090357234
P-DPP,40,62,30,0.5,-34.445998909841826,1.360939906934056
P-DPP,40,63,30,0.5,-31.38573350241918,1.3737224209213679
P-DPP,40,64,30,0.5,-32.303493236954615,1.3762266043445461
P-DPP,40,65,30,0.5,-32.732275941627606,1.3533763335818898
P-DPP,40,66,30,0.5,-31.822441801024517,1.360939906934056
P-DPP,40,67,30,0.5,-32.16796207912299,1.3762266043445461
P-DPP,40,68,30,0.5,-34.292378086237036,1.3762266043445461
P-DPP,40,69,30,0.5,-32.808568219829624,1.3451529218673646
P-DPP,40,70,30,0.5,-30.193544422155995,1.35337633358189
P-DPP,40,71,30,0.5,-31.491560877938788,1.383790177696712
P-DPP,40,72,30,0.5,-31.95400673310153,1.3737224209213679
P-DPP,40,73,30,0.5,-33.691895709632036,1.3634440903572342
P-DPP,40,74,30,0.5,-32.82768148950525,1.3812859942735338
P-DPP,40,75,30,0.5,-30.61975120217426,1.3837901776967123
P-DPP,40,76,30,0.5,-31.26622609177339,1.3737224209213679
P-DPP,40,77,30,0.5,-30.89853456532107,1.3350851650920204
P-DPP,40,78,30,0.5,-32.36303086180495,1.3762266043445461
P-DPP,40,79,30,0.5,-31.410488128816443,1.366158847569202
P-DPP,40,80,30,0.5,-32.85070645201429,1.363444090357234
P-DPP,40,81,30,0.5,-33.502457794440176,1.3405938195945777
P-DPP,40,82,30,0.5,-33.42148200818938,1.3183841597261439
P-DPP,40,83,30,0.5,-30.495974415492874,1.366158847569202
P-DPP,40,84,30,0.5,-30.94972340934921,1.3837901776967123
P-DPP,40,85,30,0.5,-32.16712743851408,1.3451529218673648
P-DPP,40,86,30,0.5,-31.864695467519482,1.3812859942735338
P-DPP,40,87,30,0.5,-33.098679039451945,1.3426487384441863
P-DPP,40,88,30,0.5,-33.04032616207039,1.360939906934056
P-DPP,40,89,30,0.5,-32.19139155972297,1.322302651104708
P-DPP,40,90,30,0.5,-32.106052243263015,1.360939906934056
P-DPP,40,91,30,0.5,-31.004093098862455,1.360939906934056
P-DPP,40,92,30,0.5,-32.219394473273255,1.366158847569202
P-DPP,40,93,30,0.5,-32.071036026399405,1.3837901776967123
P-DPP,40,94,30,0.5,-30.03208515689059,1.3634440903572342
P-DPP,40,95,30,0.5,-30.493621530291552,1.3634440903572342
P-DPP,40,96,30,0.5,-32.02461027605266,1.322302651104708
P-DPP,40,97,30,0.5,-32.15008973804693,1.3737224209213679
P-DPP,40,98,30,0.5,-32.25237987904507,1.3837901776967123
P-DPP,40,99,30,0.5,-31.764886139085277,1.3609399069340555
P-DPP,40,0,40,0.5,-31.03144332424155,1.3762266043445461
P-DPP,40,1,40,0.5,-32.29212946036277,1.3350851650920204
P-DPP,40,2,40,0.5,-31.34984479174986,1.3405938195945777
P-DPP,40,3,40,0.5,-32.93497262184544,1.3862943611198906
P-DPP,40,4,40,0.5,-31.05042015624409,1.360939906934056
P-DPP,40,5,40,0.5,-31.914938346684558,1.360939906934056
P-DPP,40,6,40,0.5,-31.848521120977143,1.3737224209213679
P-DPP,40,7,40,0.5,-34.60199047423799,1.35337633358189
P-DPP,40,8,40,0.5,-31.373557135847946,1.3634440903572342
P-DPP,40,9,40,0.5,-31.133138240404488,1.3737224209213679
P-DPP,40,10,40,0.5,-30.616509553120487,1.3451529218673648
P-DPP,40,11,40,0.5,-32.98973495244842,1.3812859942735338
P-DPP,40,12,40,0.5,-31.072241441684188,1.3812859942735338
P-DPP,40,13,40,0.5,-31.11230622213411,1.3737224209213679
P-DPP,40,14,40,0.5,-33.16346985713494,1.3837901776967123
P-DPP,40,15,40,0.5,-32.95998520273071,1.3762266043445461
P-DPP,40,16,40,0.5,-33.56998189946951,1.2980380723866656
P-DPP,40,17,40,0.5,-32.75247602521019,1.3812859942735338
P-DPP,40,18,40,0.5,-32.12351578745425,1.3737224209213679
P-DPP,40,19,40,0.5,-32.58492729288887,1.3451529218673648
P-DPP,40,20,40,0.5,-30.71613880480765,1.3737224209213679
P-DPP,40,21,40,0.5,-32.220495275706966,1.3812859942735338
P-DPP,40,22,40,0.5,-33.09137881502018,1.3762266043445461
P-DPP,40,23,40,0.5,-31.628068953742396,1.3634440903572342
P-DPP,40,24,40,0.5,-32.04106654749915,1.3451529218673648
P-DPP,40,25,40,0.5,-33.36309545466955,1.3837901776967123
P-DPP,40,26,40,0.5,-33.65120328456104,1.2797469038967961
P-DPP,40,27,40,0.5,-30.326239945680566,1.3762266043445464
P-DPP,40,28,40,0.5,-31.124595833472107,1.35337633358189
P-DPP,40,29,40,0.5,-32.521020562561375,1.3426487384441863
P-DPP,40,30,40,0.5,-33.57346270990109,1.35337633358189
P-DPP,40,31,40,0.5,-31.19140492017965,1.3737224209213679
P-DPP,40,32,40,0.5,-31.601699536855335,1.366158847569202
P-DPP,40,33,40,0.5,-32.67223569272914,1.3533763335818898
P-DPP,40,34,40,0.5,-31.75072582395116,1.3634440903572342
P-DPP,40,35,40,0.5,-33.840822971996715,1.3737224209213679
P-DPP,40,36,40,0.5,-33.96120476946092,1.3762266043445461
P-DPP,40,37,40,0.5,-30.567836570818034,1.3812859942735338
P-DPP,40,38,40,0.5,-30.735096959795943,1.3737224209213679
P-DPP,40,39,40,0.5,-32.69425415585946,1.3812859942735338
P-DPP,40,40,40,0.5,-31.58602069488162,1.3426487384441863
P-DPP,40,41,40,0.5,-32.16303101874402,1.363444090357234
P-DPP,40,42,40,0.5,-31.889419567160765,1.3812859942735338
P-DPP,40,43,40,0.5,-31.979381424641584,1.3837901776967123
P-DPP,40,44,40,0.5,-32.09842201162507,1.3350851650920204
P-DPP,40,45,40,0.5,-33.601310823006436,1.3812859942735338
P-DPP,40,46,40,0.5,-31.310251320939773,1.3762266043445464
P-DPP,40,47,40,0.5,-32.04061565482799,1.2874177991858335
P-DPP,40,48,40,0.5,-33.105324631441995,1.3812859942735338
P-DPP,40,49,40,0.5,-29.901773708006445,1.3837901776967123
P-DPP,40,50,40,0.5,-32.4642683527916,1.3737224209213679
P-DPP,40,51,40,0.5,-31.783842234917664,1.366158847569202
P-DPP,40,52,40,0.5,-32.66551054557402,1.3350851650920204
P-DPP,40,53,40,0.5,-32.710762311384215,1.3837901776967123
P-DPP,40,54,40,0.5,-31.68040876112399,1.360939906934056
P-DPP,40,55,40,0.5,-31.971350375637314,1.366158847569202
P-DPP,40,56,40,0.5,-30.73072669156994,1.3737224209213679
P-DPP,40,57,40,0.5,-32.73614304198961,1.3812859942735338
P-DPP,40,58,40,0.5,-32.42364660644854,1.3737224209213679
P-DPP,40,59,40,0.5,-32.07962847291757,1.3609399069340555
P-DPP,40,60,40,0.5,-30.969824231701033,1.360939906934056
P-DPP,40,61,40,0.5,-33.035619438857196,1.360939906934056
P-DPP,40,62,40,0.5,-31.31564271054725,1.3737224209213679
P-DPP,40,63,40,0.5,-33.13551234873608,1.3837901776967123
P-DPP,40,64,40,0.5,-31.227854896768374,1.3737224209213679
P-DPP,40,65,40,0.5,-32.287686117610086,1.3737224209213679
P-DPP,40,66,40,0.5,-30.14964202560806,1.366158847569202
P-DPP,40,67,40,0.5,-32.521986329428636,1.383790177696712
P-DPP,40,68,40,0.5,-31.36007554608157,1.3762266043445464
P-DPP,40,69,40,0.5,-31.3583004416824,1.3609399069340555
P-DPP,40,70,40,0.5,-32.75258916028087,1.35337633358189
P-DPP,40,71,40,0.5,-31.75021582899508,1.360939906934056
P-DPP,40,72,40,0.5,-31.4500520302099,1.3609399069340555
P-DPP,40,73,40,0.5,-32.93575513352165,1.3108205863739777
P-DPP,40,74,40,0.5,-30.8379597060798,1.3812859942735338
P-DPP,40,75,40,0.5,-32.677813744235756,1.3426487384441863
P-DPP,40,76,40,0.5,-31.41578259200643,1.3862943611198906
P-DPP,40,77,40,0.5,-31.857847436022546,1.366158847569202
P-DPP,40,78,40,0.5,-32.15897530964287,1.2798542258336676
P-DPP,40,79,40,0.5,-32.82755261006472,1.3812859942735338
P-DPP,40,80,40,0.5,-32.430511088521726,1.366158847569202
P-DPP,40,81,40,0.5,-31.734221146958596,1.3426487384441863
P-DPP,40,82,40,0.5,-32.22605541216339,1.3533763335818898
P-DPP,40,83,40,0.5,-31.93244234201147,1.383790177696712
P-DPP,40,84,40,0.5,-31.28018415176446,1.3812859942735338
P-DPP,40,85,40,0.5,-32.001609790603865,1.3737224209213679
P-DPP,40,86,40,0.5,-31.173674286274746,1.3837901776967123
P-DPP,40,87,40,0.5,-32.37287889276475,1.3837901776967123
P-DPP,40,88,40,0.5,-33.1741139872935,1.3451529218673648
P-DPP,40,89,40,0.5,-33.178902519750366,1.3762266043445464
P-DPP,40,90,40,0.5,-31.417663420169866,1.366158847569202
P-DPP,40,91,40,0.5,-33.05573021413605,1.3862943611198906
P-DPP,40,92,40,0.5,-33.09957322805809,1.3405938195945777
P-DPP,40,93,40,0.5,-31.458855824037713,1.3812859942735338
P-DPP,40,94,40,0.5,-30.368772114513952,1.3862943611198906
P-DPP,40,95,40,0.5,-32.154185776729776,1.3451529218673648
P-DPP,40,96,40,0.5,-31.852427165354364,1.3762266043445461
P-DPP,40,97,40,0.5,-32.025479631089226,1.3533763335818898
P-DPP,40,98,40,0.5,-33.40288527449822,1.3862943611198906
P-DPP,40,99,40,0.5,-31.723996276064483,1.3837901776967123
P-DPP,40,0,50,0.5,-34.157747893201446,1.3737224209213679
P-DPP,40,1,50,0.5,-33.96394551738398,1.3737224209213679
P-DPP,40,2,50,0.5,-29.958033911968666,1.3812859942735338
P-DPP,40,3,50,0.5,-33.29996986363433,1.360939906934056
P-DPP,40,4,50,0.5,-31.23849641137235,1.3737224209213679
P-DPP,40,5,50,0.5,-30.641097878235833,1.3762266043445464
P-DPP,40,6,50,0.5,-32.10889048969161,1.3040114826148388
P-DPP,40,7,50,0.5,-32.47931557585385,1.322302651104708
P-DPP,40,8,50,0.5,-30.767080032089858,1.3737224209213679
P-DPP,40,9,50,0.5,-31.25081340752296,1.363444090357234
P-DPP,40,10,50,0.5,-34.32030624986877,1.3762266043445461
P-DPP,40,11,50,0.5,-32.979750840424735,1.3762266043445461
P-DPP,40,12,50,0.5,-31.70577177563554,1.3405938195945777
P-DPP,40,13,50,0.5,-30.975044290861703,1.3451529218673648
P-DPP,40,14,50,0.5,-31.200348457015956,1.3837901776967123
P-DPP,40,15,50,0.5,-32.98194494414947,1.2874177991858335
P-DPP,40,16,50,0.5,-31.328904334855608,1.3762266043445464
P-DPP,40,17,50,0.5,-32.45939620544372,1.3737224209213679
P-DPP,40,18,50,0.5,-33.157825919576,1.3737224209213679
P-DPP,40,19,50,0.5,-31.38611886495754,1.360939906934056
P-DPP,40,20,50,0.5,-31.470094798133502,1.3737224209213679
P-DPP,40,21,50,0.5,-32.57813688294626,1.3533763335818898
P-DPP,40,22,50,0.5,-33.02946021322104,1.3451529218673648
P-DPP,40,23,50,0.5,-33.04663971573049,1.3812859942735338
P-DPP,40,24,50,0.5,-32.65205139113822,1.3405938195945777
P-DPP,40,25,50,0.5,-32.09300478369061,1.3426487384441863
P-DPP,40,26,50,0.5,-31.375151556401374,1.35337633358189
P-DPP,40,27,50,0.5,-30.82332648155974,1.3737224209213679
P-DPP,40,28,50,0.5,-31.692840406245523,1.3762266043445464
P-DPP,40,29,50,0.5,-32.88551153266383,1.3837901776967123
P-DPP,40,30,50,0.5,-32.37439206175836,1.3737224209213679
P-DPP,40,31,50,0.5,-32.481359014096974,1.3837901776967123
P-DPP,40,32,50,0.5,-33.78017957381779,1.3762266043445464
P-DPP,40,33,50,0.5,-31.53184110612251,1.3183841597261434
P-DPP,40,34,50,0.5,-33.20188146109359,1.3737224209213679
P-DPP,40,35,50,0.5,-32.16003683340148,1.366158847569202
P-DPP,40,36,50,0.5,-33.087138228518924,1.3762266043445464
P-DPP,40,37,50,0.5,-34.479122541897766,1.383790177696712
P-DPP,40,38,50,0.5,-32.20413236535228,1.3762266043445464
P-DPP,40,39,50,0.5,-31.434289229858614,1.383790177696712
P-DPP,40,40,50,0.5,-31.526290791038072,1.3609399069340555
P-DPP,40,41,50,0.5,-33.03973862637649,1.35337633358189
P-DPP,40,42,50,0.5,-31.02514794583191,1.3609399069340555
P-DPP,40,43,50,0.5,-31.53869249954906,1.363444090357234
P-DPP,40,44,50,0.5,-31.354905309961328,1.363444090357234
P-DPP,40,45,50,0.5,-31.450878980214497,1.3762266043445464
P-DPP,40,46,50,0.5,-31.14674566771749,1.366158847569202
P-DPP,40,47,50,0.5,-33.72356167574864,1.3350851650920204
P-DPP,40,48,50,0.5,-32.51392993487466,1.360939906934056
P-DPP,40,49,50,0.5,-32.03167186179692,1.3812859942735338
P-DPP,40,50,50,0.5,-32.44082580668818,1.3812859942735338
P-DPP,40,51,50,0.5,-33.17488616858375,1.3812859942735338
P-DPP,40,52,50,0.5,-32.32674517218767,1.3737224209213679
P-DPP,40,53,50,0.5,-30.791650076890015,1.3837901776967123
P-DPP,40,54,50,0.5,-31.510846033096673,1.366158847569202
P-DPP,40,55,50,0.5,-30.905441123291535,1.3762266043445464
P-DPP,40,56,50,0.5,-30.018790089008576,1.383790177696712
P-DPP,40,57,50,0.5,-31.91428037963015,1.3762266043445461
P-DPP,40,58,50,0.5,-32.60822112118862,1.3737224209213679
P-DPP,40,59,50,0.5,-30.547809845913406,1.322302651104708
P-DPP,40,60,50,0.5,-31.63724584185244,1.363444090357234
P-DPP,40,61,50,0.5,-32.621238273463234,1.3609399069340555
P-DPP,40,62,50,0.5,-31.699200173302128,1.3737224209213679
P-DPP,40,63,50,0.5,-31.199370661517705,1.3812859942735338
P-DPP,40,64,50,0.5,-32.12835688695526,1.3737224209213679
P-DPP,40,65,50,0.5,-31.869521448465182,1.3737224209213679
P-DPP,40,66,50,0.5,-32.551181167737596,1.3426487384441863
P-DPP,40,67,50,0.5,-31.72723588698033,1.366158847569202
P-DPP,40,68,50,0.5,-34.14513551453992,1.3609399069340555
P-DPP,40,69,50,0.5,-32.35547170229165,1.3812859942735338
P-DPP,40,70,50,0.5,-30.534827905375817,1.366158847569202
P-DPP,40,71,50,0.5,-31.777146169636794,1.3837901776967123
P-DPP,40,72,50,0.5,-33.21968246298614,1.3737224209213679
P-DPP,40,73,50,0.5,-30.156170505809197,1.3837901776967123
P-DPP,40,74,50,0.5,-32.88913295456865,1.3426487384441863
P-DPP,40,75,50,0.5,-32.16142465126895,1.3737224209213679
P-DPP,40,76,50,0.5,-32.27954267635656,1.3737224209213679
P-DPP,40,77,50,0.5,-31.958168981630553,1.3451529218673648
P-DPP,40,78,50,0.5,-31.550895736564744,1.366158847569202
P-DPP,40,79,50,0.5,-32.53537391411095,1.3762266043445461
P-DPP,40,80,50,0.5,-31.753736345849294,1.3862943611198906
P-DPP,40,81,50,0.5,-31.782055697931035,1.3812859942735338
P-DPP,40,82,50,0.5,-31.597392075935836,1.3737224209213679
P-DPP,40,83,50,0.5,-32.771849152077145,1.3737224209213679
P-DPP,40,84,50,0.5,-30.796027941629845,1.3837901776967123
P-DPP,40,85,50,0.5,-32.46829609835678,1.3108205863739777
P-DPP,40,86,50,0.5,-32.18492542306238,1.3762266043445461
P-DPP,40,87,50,0.5,-32.881111626902054,1.366158847569202
P-DPP,40,88,50,0.5,-32.30663728786134,1.3350851650920204
P-DPP,40,89,50,0.5,-31.74866147297639,1.3737224209213679
P-DPP,40,90,50,0.5,-32.56279237190565,1.3737224209213679
P-DPP,40,91,50,0.5,-33.48647432789842,1.3350851650920204
P-DPP,40,92,50,0.5,-32.26111799295905,1.366158847569202
P-DPP,40,93,50,0.5,-32.809722487099016,1.3762266043445464
P-DPP,40,94,50,0.5,-30.548011831005503,1.3837901776967123
P-DPP,40,95,50,0.5,-32.35478393175506,1.3350851650920204
P-DPP,40,96,50,0.5,-30.737006532786467,1.3634440903572342
P-DPP,40,97,50,0.5,-33.539126101159354,1.3737224209213679
P-DPP,40,98,50,0.5,-31.997590531299792,1.3223026511047085
P-DPP,40,99,50,0.5,-32.04250522625167,1.3737224209213679
